id,season,effective_date,date_original,date_precision,time,status,played,competition,competition_code,competition_original,round,phase,home_team,away_team,opponent,goias_is_home,neutral_site,home_score,away_score,goias_score,opponent_score,score_display,outcome,venue_name,venue_city,venue_state,venue_country,officiality,passport_eligible,confidence,source_confidence,score_confidence,date_confidence,venue_confidence,source_provider,source_match_id,historical_source_no,source_url,source_secondary,conflict_note,classification_note,notes,dataset_origin,venue_probable_name,venue_probable_city,venue_probable_confidence,venue_probable_basis,venue_pending_type
hist-f80-0034,1946,1946-04-07,07/abr/1946,DAY,UNKNOWN,PLAYED,True,Torneio Início do Campeonato Goiano,TORNEIO_INICIO_GOIANO,Torneio Início-Goiano,,,,,ABG-GO,,True,,,0.0,2.0,0 x 2,L,UNKNOWN,UNKNOWN,GO,Brasil,COMPETITIVE_SECONDARY,True,HIGH,HIGH,HIGH,HIGH,LOW,Futebol80,34,34.0,https://www.futebol80.com.br/links/times/goias/goiasjg.htm,,,,,historical_futebol80,,,,,UNKNOWN
hist-f80-0042,1946,,1946,YEAR,UNKNOWN,PLAYED,True,Campeonato Goiano,GOIANO,Goiano-Citadino de Goiânia,,,,,ABG-GO,,True,,,,,UNKNOWN,,UNKNOWN,UNKNOWN,GO,Brasil,OFFICIAL_COMPETITIVE,True,MEDIUM,MEDIUM,LOW,MEDIUM,LOW,Futebol80,42,42.0,https://www.futebol80.com.br/links/times/goias/goiasjg.htm,,,"Partida competitiva documentada contra ABG em 1946, mas sem dia/mês e sem placar recuperáveis; mantida no Passaporte como exceção conhecida.",Partida competitiva reportada pelo catálogo; data exata e placar não disponíveis.,historical_futebol80,,,,,UNKNOWN
hist-f80-0047,1947,1947-05-04,04/mai/1947,DAY,UNKNOWN,PLAYED,True,Torneio Início do Campeonato Goiano,TORNEIO_INICIO_GOIANO,Torneio Início-Goiano,,,Goiás,Anápolis-GO,Anápolis-GO,True,False,1.0,0.0,1.0,0.0,1 x 0,W,UNKNOWN,UNKNOWN,GO,Brasil,COMPETITIVE_SECONDARY,True,HIGH,HIGH,HIGH,HIGH,LOW,Futebol80,47,47.0,https://www.futebol80.com.br/links/times/goias/goiasjg.htm,,,,,historical_futebol80,,,,,UNKNOWN
hist-f80-0048,1947,1947-05-04,04/mai/1947,DAY,UNKNOWN,PLAYED,True,Torneio Início do Campeonato Goiano,TORNEIO_INICIO_GOIANO,Torneio Início-Goiano,,,,,Atlético-GO,,True,,,0.0,0.0,0 x 0,D,UNKNOWN,UNKNOWN,GO,Brasil,COMPETITIVE_SECONDARY,True,HIGH,HIGH,HIGH,HIGH,LOW,Futebol80,48,48.0,https://www.futebol80.com.br/links/times/goias/goiasjg.htm,,,,,historical_futebol80,,,,,UNKNOWN
hist-f80-0064,1948,1948-04-25,25/abr/1948,DAY,UNKNOWN,PLAYED,True,Torneio Início do Campeonato Goiano,TORNEIO_INICIO_GOIANO,Torneio Início-Goiano,,,,,Botafogo de Goiânia,,True,,,1.0,0.0,1 x 0,W,UNKNOWN,UNKNOWN,GO,Brasil,COMPETITIVE_SECONDARY,True,HIGH,HIGH,HIGH,HIGH,LOW,Futebol80,64,64.0,https://www.futebol80.com.br/links/times/goias/goiasjg.htm,,,,,historical_futebol80,,,,,UNKNOWN
hist-f80-0066,1948,1948-04-25,25/abr/1948,DAY,UNKNOWN,PLAYED,True,Torneio Início do Campeonato Goiano,TORNEIO_INICIO_GOIANO,Torneio Início-Goiano,,,,,Goiânia,,True,,,3.0,1.0,3 x 1,W,UNKNOWN,UNKNOWN,GO,Brasil,COMPETITIVE_SECONDARY,True,HIGH,HIGH,HIGH,HIGH,LOW,Futebol80,66,66.0,https://www.futebol80.com.br/links/times/goias/goiasjg.htm,,,,,historical_futebol80,,,,,UNKNOWN
hist-f80-0122,1951,1951-05-06,06/mai/1951,DAY,UNKNOWN,PLAYED,True,Torneio Início do Campeonato Goiano,TORNEIO_INICIO_GOIANO,Torneio Início-Goiano,,,Goiás,Anapolina,Anapolina,True,False,0.0,0.0,0.0,0.0,0 x 0,D,UNKNOWN,UNKNOWN,GO,Brasil,COMPETITIVE_SECONDARY,True,HIGH,HIGH,HIGH,HIGH,LOW,Futebol80,122,122.0,https://www.futebol80.com.br/links/times/goias/goiasjg.htm,,,,,historical_futebol80,,,,,UNKNOWN
hist-f80-0123,1951,1951-05-06,06/mai/1951,DAY,UNKNOWN,PLAYED,True,Torneio Início do Campeonato Goiano,TORNEIO_INICIO_GOIANO,Torneio Início-Goiano,,,,,Goiânia,,True,,,0.0,0.0,0 x 0,D,UNKNOWN,UNKNOWN,GO,Brasil,COMPETITIVE_SECONDARY,True,HIGH,HIGH,HIGH,HIGH,LOW,Futebol80,123,123.0,https://www.futebol80.com.br/links/times/goias/goiasjg.htm,,,,,historical_futebol80,,,,,UNKNOWN
hist-f80-0124,1951,1951-05-06,06/mai/1951,DAY,UNKNOWN,PLAYED,True,Torneio Início do Campeonato Goiano,TORNEIO_INICIO_GOIANO,Torneio Início-Goiano,,,,,Botafogo,,True,,,0.0,0.0,0 x 0,D,UNKNOWN,UNKNOWN,GO,Brasil,COMPETITIVE_SECONDARY,True,HIGH,HIGH,HIGH,HIGH,LOW,Futebol80,124,124.0,https://www.futebol80.com.br/links/times/goias/goiasjg.htm,,,,,historical_futebol80,,,,,UNKNOWN
hist-f80-0149,1952,1952-05-04,04/mai/1952,DAY,UNKNOWN,PLAYED,True,Torneio Início do Campeonato Goiano,TORNEIO_INICIO_GOIANO,Torneio Início-Goiano,,,,,Goiânia,,True,,,0.0,1.0,0 x 1,L,UNKNOWN,UNKNOWN,GO,Brasil,COMPETITIVE_SECONDARY,True,HIGH,HIGH,HIGH,HIGH,LOW,Futebol80,149,149.0,https://www.futebol80.com.br/links/times/goias/goiasjg.htm,,,,,historical_futebol80,,,,,UNKNOWN
hist-f80-0172,1953,1953-03-22,22/mar/1953,DAY,UNKNOWN,PLAYED,True,Torneio Início do Campeonato Goiano,TORNEIO_INICIO_GOIANO,Torneio Início-Goiano,,,,,União-GO,,True,,,0.0,1.0,0 x 1,L,UNKNOWN,UNKNOWN,GO,Brasil,COMPETITIVE_SECONDARY,True,HIGH,HIGH,HIGH,HIGH,LOW,Futebol80,172,172.0,https://www.futebol80.com.br/links/times/goias/goiasjg.htm,,,,,historical_futebol80,,,,,UNKNOWN
hist-f80-0173,1953,1953-04-12,12/abr/1953,DAY,UNKNOWN,PLAYED,True,Campeonato Goiano,GOIANO,Goiano,,,Goiás,São Francisco-GO,São Francisco-GO,True,False,4.0,3.0,4.0,3.0,4 x 3,W,UNKNOWN,UNKNOWN,GO,Brasil,OFFICIAL_COMPETITIVE,True,HIGH,HIGH,HIGH,HIGH,LOW,Futebol80,173,173.0,https://www.futebol80.com.br/links/times/goias/goiasjg.htm,,,,,historical_futebol80,Estádio Olímpico Pedro Ludovico Teixeira,Goiânia,MEDIUM,"INFERIDO, não confirmado. Mandante: Goiás (fonte: CSV (goias_is_home)). Em 1953 (Campeonato Goiano), todos os 8 jogos do Goiás como mandante com estádio confirmado foram em Estádio Olímpico Pedro Ludovico Teixeira (hist-f80-0167, hist-f80-0175, hist-f80-0177, hist-f80-0179, hist-f80-0180, hist-f80-0183, hist-f80-0188, hist-f80-0191).",UNKNOWN
hist-f80-0227,1955,1955-04-24,24/abr/1955,DAY,UNKNOWN,PLAYED,True,Torneio Início do Campeonato Goiano,TORNEIO_INICIO_GOIANO,Torneio Início-Goiano,,,,,Atlético-GO,,True,,,1.0,1.0,1 x 1,D,UNKNOWN,UNKNOWN,GO,Brasil,COMPETITIVE_SECONDARY,True,HIGH,HIGH,HIGH,HIGH,LOW,Futebol80,227,227.0,https://www.futebol80.com.br/links/times/goias/goiasjg.htm,,,,,historical_futebol80,,,,,UNKNOWN
hist-f80-0228,1955,1955-04-24,24/abr/1955,DAY,UNKNOWN,PLAYED,True,Torneio Início do Campeonato Goiano,TORNEIO_INICIO_GOIANO,Torneio Início-Goiano,,,,,São Luís de Campinas-GO,,True,,,1.0,0.0,1 x 0,W,UNKNOWN,UNKNOWN,GO,Brasil,COMPETITIVE_SECONDARY,True,HIGH,HIGH,HIGH,HIGH,LOW,Futebol80,228,228.0,https://www.futebol80.com.br/links/times/goias/goiasjg.htm,,,,,historical_futebol80,,,,,UNKNOWN
hist-f80-0229,1955,1955-04-24,24/abr/1955,DAY,UNKNOWN,PLAYED,True,Torneio Início do Campeonato Goiano,TORNEIO_INICIO_GOIANO,Torneio Início-Goiano,,,,,Goiânia-GO,,True,,,1.0,0.0,1 x 0,W,UNKNOWN,UNKNOWN,GO,Brasil,COMPETITIVE_SECONDARY,True,HIGH,HIGH,HIGH,HIGH,LOW,Futebol80,229,229.0,https://www.futebol80.com.br/links/times/goias/goiasjg.htm,,,,,historical_futebol80,,,,,UNKNOWN
hist-f80-0231,1955,1955-05-29,29/mai/1955,DAY,UNKNOWN,PLAYED,True,Campeonato Goiano,GOIANO,Goiano-Citadino de Goiânia,,,,,Mariana-GO,,True,,,5.0,2.0,5 x 2,W,UNKNOWN,UNKNOWN,GO,Brasil,OFFICIAL_COMPETITIVE,True,HIGH,HIGH,HIGH,HIGH,LOW,Futebol80,231,231.0,https://www.futebol80.com.br/links/times/goias/goiasjg.htm,,,,"Ficha do Futebol de Goyaz ID 48734 (5ª rodada, Goiás 5 x 2 Mariana, 29/05/1955) existe, mas o campo de estádio está VAZIO; o outro jogo da data (ID 48733) também está sem estádio. Pendente.",historical_futebol80,,,,,UNKNOWN
hist-f80-0274,1957,1957-05-05,05/mai/1957,DAY,UNKNOWN,PLAYED,True,Torneio Início do Campeonato Goiano,TORNEIO_INICIO_GOIANO,Torneio Início-Goiano,,,,,São Paulo-GO,,True,,,0.0,0.0,0 x 0,D,UNKNOWN,UNKNOWN,GO,Brasil,COMPETITIVE_SECONDARY,True,HIGH,HIGH,HIGH,HIGH,LOW,Futebol80,274,274.0,https://www.futebol80.com.br/links/times/goias/goiasjg.htm,https://www.rsssfbrasil.com/tablesfq/go1957in.htm | https://pt.wikipedia.org/wiki/Torneio_In%C3%ADcio_do_Campeonato_Goiano,,,"REABERTO (critério rígido): a confirmação anterior como Olímpico usava a afirmação genérica de que todas as edições do Torneio Início até 1974 foram no Olímpico (Wikipédia, sem citação). Isso não individualiza a partida. Jogo confirmado pela RSSSF (go1957in.htm); estádio aguardando fonte específica.",historical_futebol80,,,,,UNKNOWN
hist-f80-0311,1958,1958-05-25,25/mai/1958,DAY,UNKNOWN,PLAYED,True,Torneio Início do Campeonato Goiano,TORNEIO_INICIO_GOIANO,Torneio Início-Goiano,,,,,Atlético-GO,,True,,,1.0,0.0,1 x 0,W,UNKNOWN,UNKNOWN,GO,Brasil,COMPETITIVE_SECONDARY,True,HIGH,HIGH,HIGH,HIGH,LOW,Futebol80,311,311.0,https://www.futebol80.com.br/links/times/goias/goiasjg.htm,,,,,historical_futebol80,,,,,UNKNOWN
hist-f80-0312,1958,1958-05-25,25/mai/1958,DAY,UNKNOWN,PLAYED,True,Torneio Início do Campeonato Goiano,TORNEIO_INICIO_GOIANO,Torneio Início-Goiano,,,,,Vila Nova-GO,,True,,,0.0,0.0,0 x 0,D,UNKNOWN,UNKNOWN,GO,Brasil,COMPETITIVE_SECONDARY,True,HIGH,HIGH,HIGH,HIGH,LOW,Futebol80,312,312.0,https://www.futebol80.com.br/links/times/goias/goiasjg.htm,,,,,historical_futebol80,,,,,UNKNOWN
hist-f80-0313,1958,1958-05-25,25/mai/1958,DAY,UNKNOWN,PLAYED,True,Torneio Início do Campeonato Goiano,TORNEIO_INICIO_GOIANO,Torneio Início-Goiano,,,,,Sírio Libanês-GO,,True,,,2.0,1.0,2 x 1,W,UNKNOWN,UNKNOWN,GO,Brasil,COMPETITIVE_SECONDARY,True,HIGH,HIGH,HIGH,HIGH,LOW,Futebol80,313,313.0,https://www.futebol80.com.br/links/times/goias/goiasjg.htm,,,,,historical_futebol80,,,,,UNKNOWN
hist-f80-0436,1963,1963-01-13,13/jan/1963,DAY,UNKNOWN,PLAYED,True,Campeonato Goiano,GOIANO,Goiano,,,,,Santa Rita-GO,,True,,,2.0,4.0,2 x 4,L,UNKNOWN,UNKNOWN,GO,Brasil,OFFICIAL_COMPETITIVE,True,HIGH,HIGH,HIGH,HIGH,LOW,Futebol80,436,436.0,https://www.futebol80.com.br/links/times/goias/goiasjg.htm,,,,,historical_futebol80,,,,,UNKNOWN
hist-f80-0439,1963,1963-03-03,03/mar/1963,DAY,UNKNOWN,PLAYED,True,Campeonato Goiano,GOIANO,Goiano,,,,,Goiânia-GO,,True,,,2.0,0.0,2 x 0,W,UNKNOWN,UNKNOWN,GO,Brasil,OFFICIAL_COMPETITIVE,True,HIGH,HIGH,HIGH,HIGH,LOW,Futebol80,439,439.0,https://www.futebol80.com.br/links/times/goias/goiasjg.htm,,,,,historical_futebol80,,,,,UNKNOWN
hist-f80-0472,1964,1964-02-26,26/fev/1964,DAY,UNKNOWN,REPLACEMENT,True,Campeonato Goiano,GOIANO,Goiano,,,,,Ferroviário-GO,,True,,,1.0,2.0,1 x 2,L,UNKNOWN,UNKNOWN,GO,Brasil,OFFICIAL_COMPETITIVE,True,MEDIUM,MEDIUM,MEDIUM,HIGH,LOW,Futebol80,472,472.0,https://www.futebol80.com.br/links/times/goias/goiasjg.htm,,,,"Jogo em substituição ao de 17/11/1963, que foi anulado. Placar 1 x 2 inferido da tabela final; fonte direta do placar da reposição não localizada.",historical_futebol80,,,,,UNKNOWN
hist-f80-0509,1964,1964-11-21,21/nov/1964,DAY,UNKNOWN,PLAYED,True,Campeonato Goiano,GOIANO,Goiano,,,Goiás,Botafogo de Buriti Alegre-GO,Botafogo de Buriti Alegre-GO,True,False,2.0,1.0,2.0,1.0,2 x 1,W,UNKNOWN,UNKNOWN,GO,Brasil,OFFICIAL_COMPETITIVE,True,HIGH,HIGH,HIGH,HIGH,LOW,Futebol80,509,509.0,https://www.futebol80.com.br/links/times/goias/goiasjg.htm,,,,,historical_futebol80,Estádio Olímpico Pedro Ludovico Teixeira,Goiânia,MEDIUM,"INFERIDO, não confirmado. Mandante: Goiás (fonte: CSV (goias_is_home)). Em 1964 (Campeonato Goiano), todos os 13 jogos do Goiás como mandante com estádio confirmado foram em Estádio Olímpico Pedro Ludovico Teixeira (hist-f80-0469, hist-f80-0485, hist-f80-0486, hist-f80-0491, hist-f80-0493, hist-f80-0494, hist-f80-0495, hist-f80-0496, hist-f80-0501, hist-f80-0504, hist-f80-0505, hist-f80-0510, hist-f80-0511).",UNKNOWN
hist-f80-0541,1965,1965-11-11,11/nov/1965,DAY,UNKNOWN,PLAYED,True,Campeonato Goiano,GOIANO,Goiano,,,Goiás,Inhumas-GO,Inhumas-GO,True,False,2.0,2.0,2.0,2.0,2 x 2,D,UNKNOWN,UNKNOWN,GO,Brasil,OFFICIAL_COMPETITIVE,True,HIGH,HIGH,HIGH,HIGH,LOW,Futebol80,541,541.0,https://www.futebol80.com.br/links/times/goias/goiasjg.htm,,,,,historical_futebol80,Estádio Olímpico Pedro Ludovico Teixeira,Goiânia,MEDIUM,"INFERIDO, não confirmado. Mandante: Goiás (fonte: CSV (goias_is_home)). Em 1965 (Campeonato Goiano), todos os 10 jogos do Goiás como mandante com estádio confirmado foram em Estádio Olímpico Pedro Ludovico Teixeira (hist-f80-0520, hist-f80-0521, hist-f80-0522, hist-f80-0523, hist-f80-0526, hist-f80-0527, hist-f80-0530, hist-f80-0539, hist-f80-0545, hist-f80-0547).",UNKNOWN
hist-f80-0555,1966,1966-04-07,07/abr/1966,DAY,UNKNOWN,PLAYED,True,Torneio Início do Campeonato Goiano,TORNEIO_INICIO_GOIANO,Torneio Início-Goiano,,,,,Goiânia-GO,,True,,,0.0,0.0,0 x 0,D,UNKNOWN,UNKNOWN,GO,Brasil,COMPETITIVE_SECONDARY,True,HIGH,HIGH,HIGH,HIGH,LOW,Futebol80,555,555.0,https://www.futebol80.com.br/links/times/goias/goiasjg.htm,,,,,historical_futebol80,,,,,UNKNOWN
hist-f80-0556,1966,1966-04-07,07/abr/1966,DAY,UNKNOWN,PLAYED,True,Torneio Início do Campeonato Goiano,TORNEIO_INICIO_GOIANO,Torneio Início-Goiano,,,,,Vila Nova-GO,,True,,,0.0,0.0,0 x 0,D,UNKNOWN,UNKNOWN,GO,Brasil,COMPETITIVE_SECONDARY,True,HIGH,HIGH,HIGH,HIGH,LOW,Futebol80,556,556.0,https://www.futebol80.com.br/links/times/goias/goiasjg.htm,,,,,historical_futebol80,,,,,UNKNOWN
hist-f80-0557,1966,1966-04-07,07/abr/1966,DAY,UNKNOWN,PLAYED,True,Torneio Início do Campeonato Goiano,TORNEIO_INICIO_GOIANO,Torneio Início-Goiano,,,,,Ipiranga de Anápolis-GO,,True,,,0.0,0.0,0 x 0,D,UNKNOWN,UNKNOWN,GO,Brasil,COMPETITIVE_SECONDARY,True,HIGH,HIGH,HIGH,HIGH,LOW,Futebol80,557,557.0,https://www.futebol80.com.br/links/times/goias/goiasjg.htm,,,,,historical_futebol80,,,,,UNKNOWN
hist-f80-0558,1966,1966-04-07,07/abr/1966,DAY,UNKNOWN,PLAYED,True,Torneio Início do Campeonato Goiano,TORNEIO_INICIO_GOIANO,Torneio Início-Goiano,,,,,Anápolis-GO,,True,,,0.0,1.0,0 x 1,L,UNKNOWN,UNKNOWN,GO,Brasil,COMPETITIVE_SECONDARY,True,HIGH,HIGH,HIGH,HIGH,LOW,Futebol80,558,558.0,https://www.futebol80.com.br/links/times/goias/goiasjg.htm,,,,,historical_futebol80,,,,,UNKNOWN
hist-f80-0564,1966,1966-05-19,19/mai/1966,DAY,UNKNOWN,PLAYED,True,Campeonato Goiano,GOIANO,Goiano,,,Goiás,Botafogo de Buriti Alegre-GO,Botafogo de Buriti Alegre-GO,True,False,4.0,1.0,4.0,1.0,4 x 1,W,UNKNOWN,UNKNOWN,GO,Brasil,OFFICIAL_COMPETITIVE,True,HIGH,HIGH,HIGH,HIGH,LOW,Futebol80,564,564.0,https://www.futebol80.com.br/links/times/goias/goiasjg.htm,,,,,historical_futebol80,,,,,UNKNOWN
hist-f80-0665,1968,1968-11-15,15/nov/1968,DAY,UNKNOWN,PLAYED,True,Campeonato Goiano,GOIANO,Goiano,,,Goiás,Inhumas-GO,Inhumas-GO,True,False,0.0,1.0,0.0,1.0,0 x 1,L,UNKNOWN,UNKNOWN,GO,Brasil,OFFICIAL_COMPETITIVE,True,HIGH,HIGH,HIGH,HIGH,LOW,Futebol80,665,665.0,https://www.futebol80.com.br/links/times/goias/goiasjg.htm,,,,,historical_futebol80,Estádio Olímpico Pedro Ludovico Teixeira,Goiânia,MEDIUM,"INFERIDO, não confirmado. Mandante: Goiás (fonte: CSV (goias_is_home)). Em 1968 (Campeonato Goiano), todos os 8 jogos do Goiás como mandante com estádio confirmado foram em Estádio Olímpico Pedro Ludovico Teixeira (hist-f80-0648, hist-f80-0649, hist-f80-0650, hist-f80-0651, hist-f80-0654, hist-f80-0659, hist-f80-0661, hist-f80-0663).",UNKNOWN
hist-f80-0744,1970,1970-07-19,19/jul/1970,DAY,UNKNOWN,PLAYED,True,Campeonato Goiano,GOIANO,Goiano,,,,,Goiânia-GO,,True,,,0.0,0.0,0 x 0,D,UNKNOWN,UNKNOWN,GO,Brasil,OFFICIAL_COMPETITIVE,True,HIGH,HIGH,HIGH,HIGH,LOW,Futebol80,744,744.0,https://www.futebol80.com.br/links/times/goias/goiasjg.htm,,,,,historical_futebol80,,,,,UNKNOWN
hist-f80-0758,1970,1970-10-25,25/out/1970,DAY,UNKNOWN,PLAYED,True,Campeonato Goiano,GOIANO,Goiano,,,Jataiense-GO,Goiás,Jataiense-GO,False,False,0.0,1.0,1.0,0.0,1 x 0,W,UNKNOWN,UNKNOWN,GO,Brasil,OFFICIAL_COMPETITIVE,True,HIGH,HIGH,HIGH,HIGH,LOW,Futebol80,758,758.0,https://www.futebol80.com.br/links/times/goias/goiasjg.htm,,,,,historical_futebol80,,,,,UNKNOWN
hist-f80-0765,1970,1970-11-29,29/nov/1970,DAY,UNKNOWN,PLAYED,True,Campeonato Goiano,GOIANO,Goiano,,,,,Goiânia-GO,,True,,,1.0,2.0,1 x 2,L,UNKNOWN,UNKNOWN,GO,Brasil,OFFICIAL_COMPETITIVE,True,HIGH,HIGH,HIGH,HIGH,LOW,Futebol80,765,765.0,https://www.futebol80.com.br/links/times/goias/goiasjg.htm,,,,,historical_futebol80,,,,,UNKNOWN
hist-f80-0780,1971,1971-03-28,28/mar/1971,DAY,UNKNOWN,PLAYED,True,Copa Goiás,COPA_GOIAS,Copa Goiás,,,,,Goiânia-GO,,True,,,1.0,1.0,1 x 1,D,UNKNOWN,UNKNOWN,GO,Brasil,COMPETITIVE_SECONDARY,True,HIGH,HIGH,HIGH,HIGH,LOW,Futebol80,780,780.0,https://www.futebol80.com.br/links/times/goias/goiasjg.htm,,,,,historical_futebol80,,,,,UNKNOWN
hist-f80-0788,1971,1971-06-12,12/jun/1971,DAY,UNKNOWN,PLAYED,True,Campeonato Goiano,GOIANO,Goiano,,,,,Campinas-GO,,True,,,3.0,1.0,3 x 1,W,UNKNOWN,UNKNOWN,GO,Brasil,OFFICIAL_COMPETITIVE,True,HIGH,HIGH,HIGH,HIGH,LOW,Futebol80,788,788.0,https://www.futebol80.com.br/links/times/goias/goiasjg.htm,,,,,historical_futebol80,,,,,UNKNOWN
hist-f80-0800,1971,1971-09-18,18/set/1971,DAY,UNKNOWN,PLAYED,True,Torneio Integração Nacional,INTEGRACAO_NACIONAL,Torneio Integração Nacional,,,Goiás,Moto Club-MA,Moto Club-MA,True,False,1.0,0.0,1.0,0.0,1 x 0,W,UNKNOWN,UNKNOWN,GO,Brasil,COMPETITIVE_SECONDARY,True,HIGH,HIGH,HIGH,HIGH,LOW,Futebol80,800,800.0,https://www.futebol80.com.br/links/times/goias/goiasjg.htm,,,,,historical_futebol80,,,,,UNKNOWN
hist-f80-0801,1971,1971-09-22,22/set/1971,DAY,UNKNOWN,PLAYED,True,Torneio Integração Nacional,INTEGRACAO_NACIONAL,Torneio Integração Nacional,,,,,Atlético-GO,,True,,,1.0,0.0,1 x 0,W,UNKNOWN,UNKNOWN,GO,Brasil,COMPETITIVE_SECONDARY,True,HIGH,HIGH,HIGH,HIGH,LOW,Futebol80,801,801.0,https://www.futebol80.com.br/links/times/goias/goiasjg.htm,,,,,historical_futebol80,,,,,UNKNOWN
hist-f80-0802,1971,1971-09-26,26/set/1971,DAY,UNKNOWN,PLAYED_ADMIN_RESULT,True,Torneio Integração Nacional,INTEGRACAO_NACIONAL,Torneio Integração Nacional,,,Goiás,Fast-AM,Fast-AM,True,False,1.0,0.0,1.0,0.0,1 x 0,W,UNKNOWN,UNKNOWN,GO,Brasil,COMPETITIVE_SECONDARY,True,HIGH,HIGH,HIGH,HIGH,LOW,Futebol80,802,802.0,https://www.futebol80.com.br/links/times/goias/goiasjg.htm,,,Houve partida; o placar oficial final foi determinado pelo TJD após interrupção.,Resultado determinado pelo TJD; jogo estava 0 x 1 quando foi interrompido.,historical_futebol80,,,,,UNKNOWN
hist-f80-0803,1971,1971-09-30,30/set/1971,DAY,UNKNOWN,PLAYED,True,Torneio Integração Nacional,INTEGRACAO_NACIONAL,Torneio Integração Nacional,,,,,Atlético-GO,,True,,,0.0,1.0,0 x 1,L,UNKNOWN,UNKNOWN,GO,Brasil,COMPETITIVE_SECONDARY,True,HIGH,HIGH,HIGH,HIGH,LOW,Futebol80,803,803.0,https://www.futebol80.com.br/links/times/goias/goiasjg.htm,,,,,historical_futebol80,,,,,UNKNOWN
hist-f80-0843,1972,1972-07-16,16/jul/1972,DAY,UNKNOWN,PLAYED,True,Campeonato Goiano,GOIANO,Goiano,,,,,Campinas-GO,,True,,,0.0,0.0,0 x 0,D,UNKNOWN,UNKNOWN,GO,Brasil,OFFICIAL_COMPETITIVE,True,HIGH,HIGH,HIGH,HIGH,LOW,Futebol80,843,843.0,https://www.futebol80.com.br/links/times/goias/goiasjg.htm,,,,,historical_futebol80,Estádio Olímpico Pedro Ludovico Teixeira,Goiânia,MEDIUM,"INFERIDO, não confirmado. Mandante: Goiás (fonte: FdG ficha 21116 (Goiás 0 x 0 Campinas FC)). Em 1972 (Campeonato Goiano), todos os 15 jogos do Goiás como mandante com estádio confirmado foram em Estádio Olímpico Pedro Ludovico Teixeira (hist-f80-0838, hist-f80-0839, hist-f80-0841, hist-f80-0842, hist-f80-0844, hist-f80-0846, hist-f80-0850, hist-f80-0852, hist-f80-0853, hist-f80-0854, hist-f80-0855, hist-f80-0856, hist-f80-0857, hist-f80-0858, hist-f80-0860).",UNKNOWN
hist-f80-0895,1973,1973-06-06,06/jun/1973,DAY,UNKNOWN,PLAYED,True,Campeonato Goiano,GOIANO,Goiano,,,,,Atlético-GO,,True,,,0.0,2.0,0 x 2,L,UNKNOWN,UNKNOWN,GO,Brasil,OFFICIAL_COMPETITIVE,True,HIGH,HIGH,HIGH,HIGH,LOW,Futebol80,895,895.0,https://www.futebol80.com.br/links/times/goias/goiasjg.htm,,,,,historical_futebol80,,,,,UNKNOWN
hist-f80-0964,1974,1974-05-04,04/mai/1974,DAY,UNKNOWN,PLAYED,True,Campeonato Brasileiro,BRASILEIRO,Brasileiro-Nacional,,,CEUB-DF,Goiás,CEUB-DF,False,False,0.0,0.0,0.0,0.0,0 x 0,D,UNKNOWN,UNKNOWN,GO,Brasil,OFFICIAL_COMPETITIVE,True,HIGH,HIGH,HIGH,HIGH,LOW,Futebol80,964,964.0,https://www.futebol80.com.br/links/times/goias/goiasjg.htm,,,,,historical_futebol80,,,,,UNKNOWN
hist-f80-0974,1974,1974-06-16,16/jun/1974,DAY,UNKNOWN,PLAYED,True,Campeonato Brasileiro,BRASILEIRO,Brasileiro-Nacional,,,Nacional-AM,Goiás,Nacional-AM,False,False,0.0,3.0,3.0,0.0,3 x 0,W,UNKNOWN,UNKNOWN,GO,Brasil,OFFICIAL_COMPETITIVE,True,HIGH,HIGH,HIGH,HIGH,LOW,Futebol80,974,974.0,https://www.futebol80.com.br/links/times/goias/goiasjg.htm,,,,,historical_futebol80,,,,,UNKNOWN
hist-f80-0983,1974,1974-08-04,04/ago/1974,DAY,UNKNOWN,PLAYED,True,Campeonato Goiano,GOIANO,Goiano,,,Independente-GO,Goiás,Independente-GO,False,False,0.0,0.0,0.0,0.0,0 x 0,D,UNKNOWN,UNKNOWN,GO,Brasil,OFFICIAL_COMPETITIVE,True,HIGH,HIGH,HIGH,HIGH,LOW,Futebol80,983,983.0,https://www.futebol80.com.br/links/times/goias/goiasjg.htm,,,,,historical_futebol80,,,,,UNKNOWN
hist-f80-0997,1974,1974-11-13,13/nov/1974,DAY,UNKNOWN,PLAYED,True,Campeonato Goiano,GOIANO,Goiano,,,Goiás,Independente-GO,Independente-GO,True,False,0.0,1.0,0.0,1.0,0 x 1,L,UNKNOWN,UNKNOWN,GO,Brasil,OFFICIAL_COMPETITIVE,True,HIGH,HIGH,HIGH,HIGH,LOW,Futebol80,997,997.0,https://www.futebol80.com.br/links/times/goias/goiasjg.htm,,,,,historical_futebol80,Estádio Olímpico Pedro Ludovico Teixeira,Goiânia,MEDIUM,"INFERIDO, não confirmado. Mandante: Goiás (fonte: CSV (goias_is_home)). Em 1974 (Campeonato Goiano), todos os 6 jogos do Goiás como mandante com estádio confirmado foram em Estádio Olímpico Pedro Ludovico Teixeira (hist-f80-0984, hist-f80-0987, hist-f80-0991, hist-f80-0994, hist-f80-0995, hist-f80-0996).",UNKNOWN
hist-f80-1028,1975,1975-06-08,08/jun/1975,DAY,UNKNOWN,PLAYED,True,Campeonato Goiano,GOIANO,Goiano,,,Anapolina-GO,Goiás,Anapolina-GO,False,False,0.0,2.0,2.0,0.0,2 x 0,W,UNKNOWN,UNKNOWN,GO,Brasil,OFFICIAL_COMPETITIVE,True,HIGH,HIGH,HIGH,HIGH,LOW,Futebol80,1028,1028.0,https://www.futebol80.com.br/links/times/goias/goiasjg.htm,,,,,historical_futebol80,,,,,UNKNOWN
hist-f80-1048,1975,1975-09-24,24/set/1975,DAY,UNKNOWN,PLAYED,True,Campeonato Brasileiro,BRASILEIRO,Brasileiro-Copa Brasil,,,Goiás,Sergipe-SE,Sergipe-SE,True,False,2.0,0.0,2.0,0.0,2 x 0,W,UNKNOWN,UNKNOWN,GO,Brasil,OFFICIAL_COMPETITIVE,True,HIGH,HIGH,HIGH,HIGH,LOW,Futebol80,1048,1048.0,https://www.futebol80.com.br/links/times/goias/goiasjg.htm,,,,,historical_futebol80,Estádio Serra Dourada,Goiânia,MEDIUM,"INFERIDO, não confirmado. Mandante: Goiás (fonte: CSV (goias_is_home)). Em 1975 (Campeonato Brasileiro), todos os 9 jogos do Goiás como mandante com estádio confirmado foram em Estádio Serra Dourada (hist-f80-1041, hist-f80-1045, hist-f80-1046, hist-f80-1047, hist-f80-1052, hist-f80-1055, hist-f80-1057, hist-f80-1059, hist-f80-1061).",UNKNOWN
hist-f80-1056,1975,1975-10-22,22/out/1975,DAY,UNKNOWN,PLAYED,True,Campeonato Brasileiro,BRASILEIRO,Brasileiro-Copa Brasil,,,Tiradentes-PI,Goiás,Tiradentes-PI,False,False,0.0,0.0,0.0,0.0,0 x 0,D,UNKNOWN,UNKNOWN,GO,Brasil,OFFICIAL_COMPETITIVE,True,HIGH,HIGH,HIGH,HIGH,LOW,Futebol80,1056,1056.0,https://www.futebol80.com.br/links/times/goias/goiasjg.htm,,,,,historical_futebol80,,,,,UNKNOWN
hist-f80-1066,1976,1976-02-01,01/fev/1976,DAY,UNKNOWN,PLAYED,True,Campeonato Goiano,GOIANO,Goiano,,,Goiás,Goiatuba-GO,Goiatuba-GO,True,False,4.0,1.0,4.0,1.0,4 x 1,W,UNKNOWN,UNKNOWN,GO,Brasil,OFFICIAL_COMPETITIVE,True,HIGH,HIGH,HIGH,HIGH,LOW,Futebol80,1066,1066.0,https://www.futebol80.com.br/links/times/goias/goiasjg.htm,,,,,historical_futebol80,,,,,UNKNOWN
hist-f80-1067,1976,1976-02-08,08/fev/1976,DAY,UNKNOWN,PLAYED,True,Campeonato Goiano,GOIANO,Goiano,,,Santa Helena-GO,Goiás,Santa Helena-GO,False,False,0.0,1.0,1.0,0.0,1 x 0,W,UNKNOWN,UNKNOWN,GO,Brasil,OFFICIAL_COMPETITIVE,True,HIGH,HIGH,HIGH,HIGH,LOW,Futebol80,1067,1067.0,https://www.futebol80.com.br/links/times/goias/goiasjg.htm,,,,,historical_futebol80,,,,,UNKNOWN
hist-f80-1068,1976,1976-02-18,18/fev/1976,DAY,UNKNOWN,PLAYED,True,Campeonato Goiano,GOIANO,Goiano,,,Goiás,Jataiense-GO,Jataiense-GO,True,False,5.0,1.0,5.0,1.0,5 x 1,W,UNKNOWN,UNKNOWN,GO,Brasil,OFFICIAL_COMPETITIVE,True,HIGH,HIGH,HIGH,HIGH,LOW,Futebol80,1068,1068.0,https://www.futebol80.com.br/links/times/goias/goiasjg.htm,,,,,historical_futebol80,,,,,UNKNOWN
hist-f80-1069,1976,1976-02-22,22/fev/1976,DAY,UNKNOWN,PLAYED,True,Campeonato Goiano,GOIANO,Goiano,,,,,Goiânia-GO,,True,,,2.0,2.0,2 x 2,D,UNKNOWN,UNKNOWN,GO,Brasil,OFFICIAL_COMPETITIVE,True,HIGH,HIGH,HIGH,HIGH,LOW,Futebol80,1069,1069.0,https://www.futebol80.com.br/links/times/goias/goiasjg.htm,,,,,historical_futebol80,,,,,UNKNOWN
hist-f80-1070,1976,1976-02-29,29/fev/1976,DAY,UNKNOWN,PLAYED,True,Campeonato Goiano,GOIANO,Goiano,,,Inhumas-GO,Goiás,Inhumas-GO,False,False,0.0,0.0,0.0,0.0,0 x 0,D,UNKNOWN,UNKNOWN,GO,Brasil,OFFICIAL_COMPETITIVE,True,HIGH,HIGH,HIGH,HIGH,LOW,Futebol80,1070,1070.0,https://www.futebol80.com.br/links/times/goias/goiasjg.htm,,,,,historical_futebol80,,,,,UNKNOWN
hist-f80-1071,1976,1976-03-10,10/mar/1976,DAY,UNKNOWN,PLAYED,True,Campeonato Goiano,GOIANO,Goiano,,,Goiás,Rio Verde-GO,Rio Verde-GO,True,False,4.0,0.0,4.0,0.0,4 x 0,W,UNKNOWN,UNKNOWN,GO,Brasil,OFFICIAL_COMPETITIVE,True,HIGH,HIGH,HIGH,HIGH,LOW,Futebol80,1071,1071.0,https://www.futebol80.com.br/links/times/goias/goiasjg.htm,,,,,historical_futebol80,,,,,UNKNOWN
hist-f80-1073,1976,1976-03-21,21/mar/1976,DAY,UNKNOWN,PLAYED,True,Campeonato Goiano,GOIANO,Goiano,,,Itumbiara-GO,Goiás,Itumbiara-GO,False,False,2.0,1.0,1.0,2.0,1 x 2,L,UNKNOWN,UNKNOWN,GO,Brasil,OFFICIAL_COMPETITIVE,True,HIGH,HIGH,HIGH,HIGH,LOW,Futebol80,1073,1073.0,https://www.futebol80.com.br/links/times/goias/goiasjg.htm,,,,,historical_futebol80,,,,,UNKNOWN
hist-f80-1078,1976,1976-04-29,29/abr/1976,DAY,UNKNOWN,PLAYED,True,Campeonato Goiano,GOIANO,Goiano,,,Goiás,Inhumas-GO,Inhumas-GO,True,False,6.0,0.0,6.0,0.0,6 x 0,W,UNKNOWN,UNKNOWN,GO,Brasil,OFFICIAL_COMPETITIVE,True,HIGH,HIGH,HIGH,HIGH,LOW,Futebol80,1078,1078.0,https://www.futebol80.com.br/links/times/goias/goiasjg.htm,,,,,historical_futebol80,,,,,UNKNOWN
hist-f80-1079,1976,1976-05-02,02/mai/1976,DAY,UNKNOWN,PLAYED,True,Campeonato Goiano,GOIANO,Goiano,,,Goiatuba-GO,Goiás,Goiatuba-GO,False,False,1.0,5.0,5.0,1.0,5 x 1,W,UNKNOWN,UNKNOWN,GO,Brasil,OFFICIAL_COMPETITIVE,True,HIGH,HIGH,HIGH,HIGH,LOW,Futebol80,1079,1079.0,https://www.futebol80.com.br/links/times/goias/goiasjg.htm,,,,,historical_futebol80,,,,,UNKNOWN
hist-f80-1080,1976,1976-05-10,10/mai/1976,DAY,UNKNOWN,PLAYED,True,Campeonato Goiano,GOIANO,Goiano,,,Rio Verde-GO,Goiás,Rio Verde-GO,False,False,0.0,1.0,1.0,0.0,1 x 0,W,UNKNOWN,UNKNOWN,GO,Brasil,OFFICIAL_COMPETITIVE,True,HIGH,HIGH,HIGH,HIGH,LOW,Futebol80,1080,1080.0,https://www.futebol80.com.br/links/times/goias/goiasjg.htm,,,,,historical_futebol80,,,,,UNKNOWN
hist-f80-1081,1976,1976-05-16,16/mai/1976,DAY,UNKNOWN,PLAYED,True,Campeonato Goiano,GOIANO,Goiano,,,Anapolina-GO,Goiás,Anapolina-GO,False,False,0.0,1.0,1.0,0.0,1 x 0,W,UNKNOWN,UNKNOWN,GO,Brasil,OFFICIAL_COMPETITIVE,True,HIGH,HIGH,HIGH,HIGH,LOW,Futebol80,1081,1081.0,https://www.futebol80.com.br/links/times/goias/goiasjg.htm,,,,,historical_futebol80,,,,,UNKNOWN
hist-f80-1083,1976,1976-05-26,26/mai/1976,DAY,UNKNOWN,PLAYED,True,Campeonato Goiano,GOIANO,Goiano,,,Goiás,Santa Helena-GO,Santa Helena-GO,True,False,3.0,0.0,3.0,0.0,3 x 0,W,UNKNOWN,UNKNOWN,GO,Brasil,OFFICIAL_COMPETITIVE,True,HIGH,HIGH,HIGH,HIGH,LOW,Futebol80,1083,1083.0,https://www.futebol80.com.br/links/times/goias/goiasjg.htm,,,,,historical_futebol80,,,,,UNKNOWN
hist-f80-1084,1976,1976-05-30,30/mai/1976,DAY,UNKNOWN,PLAYED,True,Campeonato Goiano,GOIANO,Goiano,,,Jataiense-GO,Goiás,Jataiense-GO,False,False,1.0,0.0,0.0,1.0,0 x 1,L,UNKNOWN,UNKNOWN,GO,Brasil,OFFICIAL_COMPETITIVE,True,HIGH,HIGH,HIGH,HIGH,LOW,Futebol80,1084,1084.0,https://www.futebol80.com.br/links/times/goias/goiasjg.htm,,,,,historical_futebol80,,,,,UNKNOWN
hist-f80-1085,1976,1976-06-06,06/jun/1976,DAY,UNKNOWN,PLAYED,True,Campeonato Goiano,GOIANO,Goiano,,,,,Goiânia-GO,,True,,,2.0,0.0,2 x 0,W,UNKNOWN,UNKNOWN,GO,Brasil,OFFICIAL_COMPETITIVE,True,HIGH,HIGH,HIGH,HIGH,LOW,Futebol80,1085,1085.0,https://www.futebol80.com.br/links/times/goias/goiasjg.htm,,,,,historical_futebol80,,,,,UNKNOWN
hist-f80-1087,1976,1976-06-12,12/jun/1976,DAY,UNKNOWN,PLAYED,True,Campeonato Goiano,GOIANO,Goiano,,,Goiás,Itumbiara-GO,Itumbiara-GO,True,False,0.0,0.0,0.0,0.0,0 x 0,D,UNKNOWN,UNKNOWN,GO,Brasil,OFFICIAL_COMPETITIVE,True,HIGH,HIGH,HIGH,HIGH,LOW,Futebol80,1087,1087.0,https://www.futebol80.com.br/links/times/goias/goiasjg.htm,,,,,historical_futebol80,,,,,UNKNOWN
hist-f80-1097,1976,1976-08-15,15/ago/1976,DAY,UNKNOWN,PLAYED,True,Campeonato Goiano,GOIANO,Goiano,,,,,Goiânia-GO,,True,,,1.0,0.0,1 x 0,W,UNKNOWN,UNKNOWN,GO,Brasil,OFFICIAL_COMPETITIVE,True,HIGH,HIGH,HIGH,HIGH,LOW,Futebol80,1097,1097.0,https://www.futebol80.com.br/links/times/goias/goiasjg.htm,,,,,historical_futebol80,,,,,UNKNOWN
hist-f80-1100,1976,1976-09-01,01/set/1976,DAY,UNKNOWN,PLAYED,True,Campeonato Brasileiro,BRASILEIRO,Brasileiro-Copa Brasil,,,Americano-RJ,Goiás,Americano-RJ,False,False,1.0,2.0,2.0,1.0,2 x 1,W,UNKNOWN,UNKNOWN,GO,Brasil,OFFICIAL_COMPETITIVE,True,HIGH,HIGH,HIGH,HIGH,LOW,Futebol80,1100,1100.0,https://www.futebol80.com.br/links/times/goias/goiasjg.htm,,,,,historical_futebol80,,,,,UNKNOWN
hist-f80-1104,1976,1976-09-19,19/set/1976,DAY,UNKNOWN,PLAYED,True,Campeonato Brasileiro,BRASILEIRO,Brasileiro-Copa Brasil,,,Goiás,Operário de Campo Grande-MT,Operário de Campo Grande-MT,True,False,1.0,1.0,1.0,1.0,1 x 1,D,UNKNOWN,UNKNOWN,GO,Brasil,OFFICIAL_COMPETITIVE,True,HIGH,HIGH,HIGH,HIGH,LOW,Futebol80,1104,1104.0,https://www.futebol80.com.br/links/times/goias/goiasjg.htm,,,,,historical_futebol80,Estádio Serra Dourada,Goiânia,MEDIUM,"INFERIDO, não confirmado. Mandante: Goiás (fonte: CSV (goias_is_home)). Em 1976 (Campeonato Brasileiro), todos os 4 jogos do Goiás como mandante com estádio confirmado foram em Estádio Serra Dourada (hist-f80-1107, hist-f80-1108, hist-f80-1113, hist-f80-1115).",UNKNOWN
hist-f80-1105,1976,1976-09-19,19/set/1976,DAY,UNKNOWN,PLAYED,True,Torneio Incentivo,TORNEIO_INCENTIVO,Torneio Incentivo-GO,,,Goiás,Anápolis-GO,Anápolis-GO,True,False,1.0,0.0,1.0,0.0,1 x 0,W,UNKNOWN,UNKNOWN,GO,Brasil,COMPETITIVE_SECONDARY,True,HIGH,HIGH,HIGH,HIGH,LOW,Futebol80,1105,1105.0,https://www.futebol80.com.br/links/times/goias/goiasjg.htm,,,,,historical_futebol80,,,,,UNKNOWN
hist-f80-1124,1976,1976-12-17,17/dez/1976,DAY,UNKNOWN,REPLACEMENT,True,Torneio Centro-Oeste,TORNEIO_CENTRO_OESTE,Torneio Centro-Oeste,,,Goiás,Itumbiara-GO,Itumbiara-GO,True,False,0.0,1.0,0.0,1.0,0 x 1,L,UNKNOWN,UNKNOWN,GO,Brasil,COMPETITIVE_SECONDARY,True,HIGH,HIGH,HIGH,HIGH,LOW,Futebol80,1124,1124.0,https://www.futebol80.com.br/links/times/goias/goiasjg.htm,,,,"Jogo em substituição ao de 13/12/1976, anulado (4 x 3).",historical_futebol80,,,,,UNKNOWN
hist-f80-1205,1978,1978-04-30,30/abr/1978,DAY,UNKNOWN,PLAYED,True,Campeonato Brasileiro,BRASILEIRO,Brasileiro-Copa Brasil,,,Operário de Campo Grande-MT,Goiás,Operário de Campo Grande-MT,False,False,1.0,0.0,0.0,1.0,0 x 1,L,UNKNOWN,UNKNOWN,GO,Brasil,OFFICIAL_COMPETITIVE,True,HIGH,HIGH,HIGH,HIGH,LOW,Futebol80,1205,1205.0,https://www.futebol80.com.br/links/times/goias/goiasjg.htm,,,,,historical_futebol80,,,,,UNKNOWN
hist-f80-1206,1978,1978-05-03,03/mai/1978,DAY,UNKNOWN,PLAYED,True,Campeonato Brasileiro,BRASILEIRO,Brasileiro-Copa Brasil,,,Dom Bosco-MT,Goiás,Dom Bosco-MT,False,False,0.0,2.0,2.0,0.0,2 x 0,W,UNKNOWN,UNKNOWN,GO,Brasil,OFFICIAL_COMPETITIVE,True,HIGH,HIGH,HIGH,HIGH,LOW,Futebol80,1206,1206.0,https://www.futebol80.com.br/links/times/goias/goiasjg.htm,,,,,historical_futebol80,,,,,UNKNOWN
hist-f80-1208,1978,1978-05-14,14/mai/1978,DAY,UNKNOWN,PLAYED,True,Campeonato Brasileiro,BRASILEIRO,Brasileiro-Copa Brasil,,,Goiás,Brasília-DF,Brasília-DF,True,False,4.0,0.0,4.0,0.0,4 x 0,W,UNKNOWN,UNKNOWN,GO,Brasil,OFFICIAL_COMPETITIVE,True,HIGH,HIGH,HIGH,HIGH,LOW,Futebol80,1208,1208.0,https://www.futebol80.com.br/links/times/goias/goiasjg.htm,,,,,historical_futebol80,Estádio Serra Dourada,Goiânia,MEDIUM,"INFERIDO, não confirmado. Mandante: Goiás (fonte: CSV (goias_is_home)). Em 1978 (Campeonato Brasileiro), todos os 12 jogos do Goiás como mandante com estádio confirmado foram em Estádio Serra Dourada (hist-f80-1198, hist-f80-1200, hist-f80-1202, hist-f80-1204, hist-f80-1209, hist-f80-1210, hist-f80-1211, hist-f80-1216, hist-f80-1218, hist-f80-1220, hist-f80-1221, hist-f80-1223).",UNKNOWN
hist-f80-1293,1979,1979-09-27,27/set/1979,DAY,UNKNOWN,PLAYED,True,Campeonato Brasileiro,BRASILEIRO,Brasileiro-Copa Brasil,,,Dom Bosco-MT,Goiás,Dom Bosco-MT,False,False,0.0,1.0,1.0,0.0,1 x 0,W,UNKNOWN,UNKNOWN,GO,Brasil,OFFICIAL_COMPETITIVE,True,HIGH,HIGH,HIGH,HIGH,LOW,Futebol80,1293,1293.0,https://www.futebol80.com.br/links/times/goias/goiasjg.htm,,,,,historical_futebol80,,,,,UNKNOWN
hist-f80-1301,1979,1979-11-08,08/nov/1979,DAY,UNKNOWN,PLAYED,True,Campeonato Brasileiro,BRASILEIRO,Brasileiro-Copa Brasil,,,Goiás,ASA-AL,ASA-AL,True,False,4.0,0.0,4.0,0.0,4 x 0,W,UNKNOWN,UNKNOWN,GO,Brasil,OFFICIAL_COMPETITIVE,True,HIGH,HIGH,HIGH,HIGH,LOW,Futebol80,1301,1301.0,https://www.futebol80.com.br/links/times/goias/goiasjg.htm,,,,,historical_futebol80,Estádio Serra Dourada,Goiânia,MEDIUM,"INFERIDO, não confirmado. Mandante: Goiás (fonte: CSV (goias_is_home)). Em 1979 (Campeonato Brasileiro), todos os 7 jogos do Goiás como mandante com estádio confirmado foram em Estádio Serra Dourada (hist-f80-1294, hist-f80-1296, hist-f80-1300, hist-f80-1302, hist-f80-1304, hist-f80-1307, hist-f80-1310).",UNKNOWN
hist-f80-1303,1979,1979-11-15,15/nov/1979,DAY,UNKNOWN,PLAYED,True,Campeonato Brasileiro,BRASILEIRO,Brasileiro-Copa Brasil,,,Operário de Várzea Grande-MT,Goiás,Operário de Várzea Grande-MT,False,False,1.0,1.0,1.0,1.0,1 x 1,D,UNKNOWN,UNKNOWN,GO,Brasil,OFFICIAL_COMPETITIVE,True,HIGH,HIGH,HIGH,HIGH,LOW,Futebol80,1303,1303.0,https://www.futebol80.com.br/links/times/goias/goiasjg.htm,,,,,historical_futebol80,,,,,UNKNOWN
hist-f80-1305,1979,1979-11-21,21/nov/1979,DAY,UNKNOWN,PLAYED,True,Campeonato Brasileiro,BRASILEIRO,Brasileiro-Copa Brasil,,,Central-PE,Goiás,Central-PE,False,False,1.0,1.0,1.0,1.0,1 x 1,D,UNKNOWN,UNKNOWN,GO,Brasil,OFFICIAL_COMPETITIVE,True,HIGH,HIGH,HIGH,HIGH,LOW,Futebol80,1305,1305.0,https://www.futebol80.com.br/links/times/goias/goiasjg.htm,,,,,historical_futebol80,,,,,UNKNOWN
hist-f80-1318,1980,1980-02-28,28/fev/1980,DAY,UNKNOWN,PLAYED,True,Campeonato Brasileiro Série B,BRASILEIRO_B,Brasileiro-2ª Divisão-Taça de Prata,,,Goiás,Comercial de Campo Grande-MS,Comercial de Campo Grande-MS,True,False,1.0,2.0,1.0,2.0,1 x 2,L,UNKNOWN,UNKNOWN,GO,Brasil,OFFICIAL_COMPETITIVE,True,HIGH,HIGH,HIGH,HIGH,LOW,Futebol80,1318,1318.0,https://www.futebol80.com.br/links/times/goias/goiasjg.htm,,,,,historical_futebol80,,,,,UNKNOWN
hist-f80-1320,1980,1980-03-08,08/mar/1980,DAY,UNKNOWN,PLAYED,True,Campeonato Brasileiro Série B,BRASILEIRO_B,Brasileiro-2ª Divisão-Taça de Prata,,,Goiás,Vitória-ES,Vitória-ES,True,False,2.0,1.0,2.0,1.0,2 x 1,W,UNKNOWN,UNKNOWN,GO,Brasil,OFFICIAL_COMPETITIVE,True,HIGH,HIGH,HIGH,HIGH,LOW,Futebol80,1320,1320.0,https://www.futebol80.com.br/links/times/goias/goiasjg.htm,,,,,historical_futebol80,,,,,UNKNOWN
hist-f80-1354,1980,1980-10-05,05/out/1980,DAY,UNKNOWN,PLAYED,True,Campeonato Goiano,GOIANO,Goiano,,,,,Goiânia-GO,,True,,,1.0,1.0,1 x 1,D,UNKNOWN,UNKNOWN,GO,Brasil,OFFICIAL_COMPETITIVE,True,HIGH,HIGH,HIGH,HIGH,LOW,Futebol80,1354,1354.0,https://www.futebol80.com.br/links/times/goias/goiasjg.htm,,,,,historical_futebol80,,,,,UNKNOWN
hist-f80-1439,1981,1981-12-02,02/dez/1981,DAY,UNKNOWN,PLAYED,True,Campeonato Goiano,GOIANO,Goiano,,,Goiás,Anapolina-GO,Anapolina-GO,True,False,1.0,0.0,1.0,0.0,1 x 0,W,UNKNOWN,UNKNOWN,GO,Brasil,OFFICIAL_COMPETITIVE,True,HIGH,HIGH,HIGH,HIGH,LOW,Futebol80,1439,1439.0,https://www.futebol80.com.br/links/times/goias/goiasjg.htm,,,,,historical_futebol80,,,,,UNKNOWN
hist-f80-1447,1982,1982-02-07,07/fev/1982,DAY,UNKNOWN,PLAYED,True,Campeonato Brasileiro,BRASILEIRO,Brasileiro-Taça de Ouro,,,Grêmio Maringá-PR,Goiás,Grêmio Maringá-PR,False,False,2.0,2.0,2.0,2.0,2 x 2,D,UNKNOWN,UNKNOWN,GO,Brasil,OFFICIAL_COMPETITIVE,True,HIGH,HIGH,HIGH,HIGH,LOW,Futebol80,1447,1447.0,https://www.futebol80.com.br/links/times/goias/goiasjg.htm,,,,,historical_futebol80,,,,,UNKNOWN
hist-f80-1455,1982,1982-03-18,18/mar/1982,DAY,UNKNOWN,PLAYED,True,Campeonato Goiano,GOIANO,Goiano,,,,,Monte Cristo-GO,,True,,,2.0,0.0,2 x 0,W,UNKNOWN,UNKNOWN,GO,Brasil,OFFICIAL_COMPETITIVE,True,HIGH,HIGH,HIGH,HIGH,LOW,Futebol80,1455,1455.0,https://www.futebol80.com.br/links/times/goias/goiasjg.htm,,,,,historical_futebol80,,,,,UNKNOWN
hist-f80-1467,1982,1982-05-23,23/mai/1982,DAY,UNKNOWN,PLAYED,True,Campeonato Goiano,GOIANO,Goiano,,,,,Monte Cristo-GO,,True,,,2.0,1.0,2 x 1,W,UNKNOWN,UNKNOWN,GO,Brasil,OFFICIAL_COMPETITIVE,True,HIGH,HIGH,HIGH,HIGH,LOW,Futebol80,1467,1467.0,https://www.futebol80.com.br/links/times/goias/goiasjg.htm,,,,,historical_futebol80,Estádio Serra Dourada,Goiânia,MEDIUM,"INFERIDO, não confirmado. Mandante: Goiás (fonte: FdG ficha 22566 (Goiás 2 x 1 Monte Cristo)). Em 1982 (Campeonato Goiano), todos os 24 jogos do Goiás como mandante com estádio confirmado foram em Estádio Serra Dourada (hist-f80-1457, hist-f80-1458, hist-f80-1459, hist-f80-1460, hist-f80-1463, hist-f80-1464, hist-f80-1465, hist-f80-1471, hist-f80-1473, hist-f80-1476, hist-f80-1479, hist-f80-1482, hist-f80-1483, hist-f80-1485, hist-f80-1488, hist-f80-1489, hist-f80-1490, hist-f80-1491, hist-f80-1493, hist-f80-1494, hist-f80-1497, hist-f80-1498, hist-f80-1500, hist-f80-1501).",UNKNOWN
hist-f80-1468,1982,1982-05-26,26/mai/1982,DAY,UNKNOWN,PLAYED,True,Campeonato Goiano,GOIANO,Goiano,,,Goiás,Nacional de Itumbiara-GO,Nacional de Itumbiara-GO,True,False,1.0,0.0,1.0,0.0,1 x 0,W,UNKNOWN,UNKNOWN,GO,Brasil,OFFICIAL_COMPETITIVE,True,HIGH,HIGH,HIGH,HIGH,LOW,Futebol80,1468,1468.0,https://www.futebol80.com.br/links/times/goias/goiasjg.htm,,,,,historical_futebol80,Estádio Serra Dourada,Goiânia,MEDIUM,"INFERIDO, não confirmado. Mandante: Goiás (fonte: CSV (goias_is_home)). Em 1982 (Campeonato Goiano), todos os 24 jogos do Goiás como mandante com estádio confirmado foram em Estádio Serra Dourada (hist-f80-1457, hist-f80-1458, hist-f80-1459, hist-f80-1460, hist-f80-1463, hist-f80-1464, hist-f80-1465, hist-f80-1471, hist-f80-1473, hist-f80-1476, hist-f80-1479, hist-f80-1482, hist-f80-1483, hist-f80-1485, hist-f80-1488, hist-f80-1489, hist-f80-1490, hist-f80-1491, hist-f80-1493, hist-f80-1494, hist-f80-1497, hist-f80-1498, hist-f80-1500, hist-f80-1501).",UNKNOWN
hist-f80-1475,1982,1982-07-07,07/jul/1982,DAY,UNKNOWN,PLAYED,True,Campeonato Goiano,GOIANO,Goiano,,,Goiás,Goiatuba-GO,Goiatuba-GO,True,False,3.0,0.0,3.0,0.0,3 x 0,W,UNKNOWN,UNKNOWN,GO,Brasil,OFFICIAL_COMPETITIVE,True,HIGH,HIGH,HIGH,HIGH,LOW,Futebol80,1475,1475.0,https://www.futebol80.com.br/links/times/goias/goiasjg.htm,,,,,historical_futebol80,Estádio Serra Dourada,Goiânia,MEDIUM,"INFERIDO, não confirmado. Mandante: Goiás (fonte: CSV (goias_is_home)). Em 1982 (Campeonato Goiano), todos os 24 jogos do Goiás como mandante com estádio confirmado foram em Estádio Serra Dourada (hist-f80-1457, hist-f80-1458, hist-f80-1459, hist-f80-1460, hist-f80-1463, hist-f80-1464, hist-f80-1465, hist-f80-1471, hist-f80-1473, hist-f80-1476, hist-f80-1479, hist-f80-1482, hist-f80-1483, hist-f80-1485, hist-f80-1488, hist-f80-1489, hist-f80-1490, hist-f80-1491, hist-f80-1493, hist-f80-1494, hist-f80-1497, hist-f80-1498, hist-f80-1500, hist-f80-1501).",UNKNOWN
hist-f80-1510,1983,1983-03-09,09/mar/1983,DAY,UNKNOWN,PLAYED,True,Campeonato Brasileiro,BRASILEIRO,Brasileiro-Taça de Ouro,,,Goiás,Juventus-SP,Juventus-SP,True,False,3.0,2.0,3.0,2.0,3 x 2,W,UNKNOWN,UNKNOWN,GO,Brasil,OFFICIAL_COMPETITIVE,True,HIGH,HIGH,HIGH,HIGH,LOW,Futebol80,1510,1510.0,https://www.futebol80.com.br/links/times/goias/goiasjg.htm,,,,,historical_futebol80,Estádio Serra Dourada,Goiânia,MEDIUM,"INFERIDO, não confirmado. Mandante: Goiás (fonte: CSV (goias_is_home)). Em 1983 (Campeonato Brasileiro), todos os 11 jogos do Goiás como mandante com estádio confirmado foram em Estádio Serra Dourada (hist-f80-1505, hist-f80-1506, hist-f80-1507, hist-f80-1508, hist-f80-1512, hist-f80-1515, hist-f80-1516, hist-f80-1519, hist-f80-1520, hist-f80-1521, hist-f80-1523).",UNKNOWN
hist-f80-1562,1983,1983-11-23,23/nov/1983,DAY,UNKNOWN,PLAYED,True,Campeonato Goiano,GOIANO,Goiano,,,Anapolina-GO,Goiás,Anapolina-GO,False,False,2.0,0.0,0.0,2.0,0 x 2,L,UNKNOWN,UNKNOWN,GO,Brasil,OFFICIAL_COMPETITIVE,True,HIGH,HIGH,HIGH,HIGH,LOW,Futebol80,1562,1562.0,https://www.futebol80.com.br/links/times/goias/goiasjg.htm,,,,,historical_futebol80,Estádio Jonas Duarte,Anápolis,MEDIUM,"INFERIDO, não confirmado. Mandante: Anapolina-GO (fonte: CSV (goias_is_home)). Em 1983 (Campeonato Goiano), todos os 3 jogos com Anapolina-GO como mandante contra o Goiás com estádio confirmado foram em Estádio Jonas Duarte (hist-f80-1538, hist-f80-1554, hist-f80-1564).",UNKNOWN
hist-f80-1570,1984,1984-02-08,08/fev/1984,DAY,UNKNOWN,PLAYED,True,Campeonato Brasileiro,BRASILEIRO,Brasileiro-Taça de Ouro,,,Goiás,Brasília-DF,Brasília-DF,True,False,4.0,1.0,4.0,1.0,4 x 1,W,UNKNOWN,UNKNOWN,GO,Brasil,OFFICIAL_COMPETITIVE,True,HIGH,HIGH,HIGH,HIGH,LOW,Futebol80,1570,1570.0,https://www.futebol80.com.br/links/times/goias/goiasjg.htm,,,,,historical_futebol80,Estádio Serra Dourada,Goiânia,MEDIUM,"INFERIDO, não confirmado. Mandante: Goiás (fonte: CSV (goias_is_home)). Em 1984 (Campeonato Brasileiro), todos os 9 jogos do Goiás como mandante com estádio confirmado foram em Estádio Serra Dourada (hist-f80-1569, hist-f80-1574, hist-f80-1576, hist-f80-1577, hist-f80-1579, hist-f80-1582, hist-f80-1583, hist-f80-1584, hist-f80-1587).",UNKNOWN
hist-f80-1571,1984,1984-02-12,12/fev/1984,DAY,UNKNOWN,PLAYED,True,Campeonato Brasileiro,BRASILEIRO,Brasileiro-Taça de Ouro,,,Operário de Campo Grande-MS,Goiás,Operário de Campo Grande-MS,False,False,2.0,0.0,0.0,2.0,0 x 2,L,UNKNOWN,UNKNOWN,GO,Brasil,OFFICIAL_COMPETITIVE,True,HIGH,HIGH,HIGH,HIGH,LOW,Futebol80,1571,1571.0,https://www.futebol80.com.br/links/times/goias/goiasjg.htm,,,,,historical_futebol80,,,,,UNKNOWN
hist-f80-1572,1984,1984-02-15,15/fev/1984,DAY,UNKNOWN,PLAYED,True,Campeonato Brasileiro,BRASILEIRO,Brasileiro-Taça de Ouro,,,Brasília-DF,Goiás,Brasília-DF,False,False,0.0,2.0,2.0,0.0,2 x 0,W,UNKNOWN,UNKNOWN,GO,Brasil,OFFICIAL_COMPETITIVE,True,HIGH,HIGH,HIGH,HIGH,LOW,Futebol80,1572,1572.0,https://www.futebol80.com.br/links/times/goias/goiasjg.htm,,,,,historical_futebol80,,,,,UNKNOWN
hist-f80-1573,1984,1984-02-22,22/fev/1984,DAY,UNKNOWN,PLAYED,True,Campeonato Brasileiro,BRASILEIRO,Brasileiro-Taça de Ouro,,,Goiás,Operário de Campo Grande-MS,Operário de Campo Grande-MS,True,False,2.0,1.0,2.0,1.0,2 x 1,W,UNKNOWN,UNKNOWN,GO,Brasil,OFFICIAL_COMPETITIVE,True,HIGH,HIGH,HIGH,HIGH,LOW,Futebol80,1573,1573.0,https://www.futebol80.com.br/links/times/goias/goiasjg.htm,,,,,historical_futebol80,Estádio Serra Dourada,Goiânia,MEDIUM,"INFERIDO, não confirmado. Mandante: Goiás (fonte: CSV (goias_is_home)). Em 1984 (Campeonato Brasileiro), todos os 9 jogos do Goiás como mandante com estádio confirmado foram em Estádio Serra Dourada (hist-f80-1569, hist-f80-1574, hist-f80-1576, hist-f80-1577, hist-f80-1579, hist-f80-1582, hist-f80-1583, hist-f80-1584, hist-f80-1587).",UNKNOWN
hist-f80-1595,1984,1984-06-24,24/jun/1984,DAY,UNKNOWN,PLAYED,True,Torneio Início do Campeonato Goiano,TORNEIO_INICIO_GOIANO,Torneio Início-Goiano,,,,,Rio Verde-GO,,True,,,0.0,0.0,0 x 0,D,UNKNOWN,UNKNOWN,GO,Brasil,COMPETITIVE_SECONDARY,True,HIGH,HIGH,HIGH,HIGH,LOW,Futebol80,1595,1595.0,https://www.futebol80.com.br/links/times/goias/goiasjg.htm,,,,,historical_futebol80,,,,,UNKNOWN
hist-f80-1596,1984,1984-06-24,24/jun/1984,DAY,UNKNOWN,PLAYED,True,Torneio Início do Campeonato Goiano,TORNEIO_INICIO_GOIANO,Torneio Início-Goiano,,,,,Anapolina-GO,,True,,,0.0,0.0,0 x 0,D,UNKNOWN,UNKNOWN,GO,Brasil,COMPETITIVE_SECONDARY,True,HIGH,HIGH,HIGH,HIGH,LOW,Futebol80,1596,1596.0,https://www.futebol80.com.br/links/times/goias/goiasjg.htm,,,,,historical_futebol80,,,,,UNKNOWN
hist-f80-1598,1984,1984-07-11,11/jul/1984,DAY,UNKNOWN,PLAYED,True,Campeonato Goiano,GOIANO,Goiano,,,Goiás,Jataiense-GO,Jataiense-GO,True,False,2.0,0.0,2.0,0.0,2 x 0,W,UNKNOWN,UNKNOWN,GO,Brasil,OFFICIAL_COMPETITIVE,True,HIGH,HIGH,HIGH,HIGH,LOW,Futebol80,1598,1598.0,https://www.futebol80.com.br/links/times/goias/goiasjg.htm,,,,,historical_futebol80,Estádio Serra Dourada,Goiânia,MEDIUM,"INFERIDO, não confirmado. Mandante: Goiás (fonte: CSV (goias_is_home)). Em 1984 (Campeonato Goiano), todos os 2 jogos do Goiás como mandante com estádio confirmado foram em Estádio Serra Dourada (hist-f80-1602, hist-f80-1615).",UNKNOWN
hist-f80-1599,1984,1984-07-15,15/jul/1984,DAY,UNKNOWN,PLAYED,True,Campeonato Goiano,GOIANO,Goiano,,,Rio Verde-GO,Goiás,Rio Verde-GO,False,False,2.0,1.0,1.0,2.0,1 x 2,L,UNKNOWN,UNKNOWN,GO,Brasil,OFFICIAL_COMPETITIVE,True,HIGH,HIGH,HIGH,HIGH,LOW,Futebol80,1599,1599.0,https://www.futebol80.com.br/links/times/goias/goiasjg.htm,,,,,historical_futebol80,,,,,UNKNOWN
hist-f80-1600,1984,1984-07-18,18/jul/1984,DAY,UNKNOWN,PLAYED,True,Campeonato Goiano,GOIANO,Goiano,,,Goiás,Nacional de Itumbiara-GO,Nacional de Itumbiara-GO,True,False,0.0,0.0,0.0,0.0,0 x 0,D,UNKNOWN,UNKNOWN,GO,Brasil,OFFICIAL_COMPETITIVE,True,HIGH,HIGH,HIGH,HIGH,LOW,Futebol80,1600,1600.0,https://www.futebol80.com.br/links/times/goias/goiasjg.htm,,,,,historical_futebol80,Estádio Serra Dourada,Goiânia,MEDIUM,"INFERIDO, não confirmado. Mandante: Goiás (fonte: CSV (goias_is_home)). Em 1984 (Campeonato Goiano), todos os 2 jogos do Goiás como mandante com estádio confirmado foram em Estádio Serra Dourada (hist-f80-1602, hist-f80-1615).",UNKNOWN
hist-f80-1601,1984,1984-07-21,21/jul/1984,DAY,UNKNOWN,PLAYED,True,Campeonato Goiano,GOIANO,Goiano,,,Ceres-GO,Goiás,Ceres-GO,False,False,0.0,2.0,2.0,0.0,2 x 0,W,UNKNOWN,UNKNOWN,GO,Brasil,OFFICIAL_COMPETITIVE,True,HIGH,HIGH,HIGH,HIGH,LOW,Futebol80,1601,1601.0,https://www.futebol80.com.br/links/times/goias/goiasjg.htm,,,,,historical_futebol80,,,,,UNKNOWN
hist-f80-1603,1984,1984-08-05,05/ago/1984,DAY,UNKNOWN,PLAYED,True,Campeonato Goiano,GOIANO,Goiano,,,Goiás,Goianésia-GO,Goianésia-GO,True,False,1.0,1.0,1.0,1.0,1 x 1,D,UNKNOWN,UNKNOWN,GO,Brasil,OFFICIAL_COMPETITIVE,True,HIGH,HIGH,HIGH,HIGH,LOW,Futebol80,1603,1603.0,https://www.futebol80.com.br/links/times/goias/goiasjg.htm,,,,,historical_futebol80,Estádio Serra Dourada,Goiânia,MEDIUM,"INFERIDO, não confirmado. Mandante: Goiás (fonte: CSV (goias_is_home)). Em 1984 (Campeonato Goiano), todos os 2 jogos do Goiás como mandante com estádio confirmado foram em Estádio Serra Dourada (hist-f80-1602, hist-f80-1615).",UNKNOWN
hist-f80-1604,1984,1984-08-12,12/ago/1984,DAY,UNKNOWN,PLAYED,True,Campeonato Goiano,GOIANO,Goiano,,,Itumbiara-GO,Goiás,Itumbiara-GO,False,False,1.0,2.0,2.0,1.0,2 x 1,W,UNKNOWN,UNKNOWN,GO,Brasil,OFFICIAL_COMPETITIVE,True,HIGH,HIGH,HIGH,HIGH,LOW,Futebol80,1604,1604.0,https://www.futebol80.com.br/links/times/goias/goiasjg.htm,,,,,historical_futebol80,,,,,UNKNOWN
hist-f80-1605,1984,1984-08-15,15/ago/1984,DAY,UNKNOWN,PLAYED,True,Campeonato Goiano,GOIANO,Goiano,,,Goiás,Anapolina-GO,Anapolina-GO,True,False,3.0,1.0,3.0,1.0,3 x 1,W,UNKNOWN,UNKNOWN,GO,Brasil,OFFICIAL_COMPETITIVE,True,HIGH,HIGH,HIGH,HIGH,LOW,Futebol80,1605,1605.0,https://www.futebol80.com.br/links/times/goias/goiasjg.htm,,,,,historical_futebol80,Estádio Serra Dourada,Goiânia,MEDIUM,"INFERIDO, não confirmado. Mandante: Goiás (fonte: CSV (goias_is_home)). Em 1984 (Campeonato Goiano), todos os 2 jogos do Goiás como mandante com estádio confirmado foram em Estádio Serra Dourada (hist-f80-1602, hist-f80-1615).",UNKNOWN
hist-f80-1606,1984,1984-08-19,19/ago/1984,DAY,UNKNOWN,PLAYED,True,Campeonato Goiano,GOIANO,Goiano,,,,,Goiânia-GO,,True,,,0.0,1.0,0 x 1,L,UNKNOWN,UNKNOWN,GO,Brasil,OFFICIAL_COMPETITIVE,True,HIGH,HIGH,HIGH,HIGH,LOW,Futebol80,1606,1606.0,https://www.futebol80.com.br/links/times/goias/goiasjg.htm,,,,,historical_futebol80,,,,,UNKNOWN
hist-f80-1608,1984,1984-09-02,02/set/1984,DAY,UNKNOWN,PLAYED,True,Campeonato Goiano,GOIANO,Goiano,,,Goiás,Itumbiara-GO,Itumbiara-GO,True,False,0.0,2.0,0.0,2.0,0 x 2,L,UNKNOWN,UNKNOWN,GO,Brasil,OFFICIAL_COMPETITIVE,True,HIGH,HIGH,HIGH,HIGH,LOW,Futebol80,1608,1608.0,https://www.futebol80.com.br/links/times/goias/goiasjg.htm,,,,,historical_futebol80,Estádio Serra Dourada,Goiânia,MEDIUM,"INFERIDO, não confirmado. Mandante: Goiás (fonte: CSV (goias_is_home)). Em 1984 (Campeonato Goiano), todos os 2 jogos do Goiás como mandante com estádio confirmado foram em Estádio Serra Dourada (hist-f80-1602, hist-f80-1615).",UNKNOWN
hist-f80-1609,1984,1984-09-09,09/set/1984,DAY,UNKNOWN,PLAYED,True,Campeonato Goiano,GOIANO,Goiano,,,Goianésia-GO,Goiás,Goianésia-GO,False,False,0.0,1.0,1.0,0.0,1 x 0,W,UNKNOWN,UNKNOWN,GO,Brasil,OFFICIAL_COMPETITIVE,True,HIGH,HIGH,HIGH,HIGH,LOW,Futebol80,1609,1609.0,https://www.futebol80.com.br/links/times/goias/goiasjg.htm,,,,,historical_futebol80,,,,,UNKNOWN
hist-f80-1610,1984,1984-09-12,12/set/1984,DAY,UNKNOWN,PLAYED,True,Campeonato Goiano,GOIANO,Goiano,,,Goiás,Anápolis-GO,Anápolis-GO,True,False,3.0,0.0,3.0,0.0,3 x 0,W,UNKNOWN,UNKNOWN,GO,Brasil,OFFICIAL_COMPETITIVE,True,HIGH,HIGH,HIGH,HIGH,LOW,Futebol80,1610,1610.0,https://www.futebol80.com.br/links/times/goias/goiasjg.htm,,,,,historical_futebol80,Estádio Serra Dourada,Goiânia,MEDIUM,"INFERIDO, não confirmado. Mandante: Goiás (fonte: CSV (goias_is_home)). Em 1984 (Campeonato Goiano), todos os 2 jogos do Goiás como mandante com estádio confirmado foram em Estádio Serra Dourada (hist-f80-1602, hist-f80-1615).",UNKNOWN
hist-f80-1611,1984,1984-09-23,23/set/1984,DAY,UNKNOWN,PLAYED,True,Campeonato Goiano,GOIANO,Goiano,,,Goiás,Ceres-GO,Ceres-GO,True,False,3.0,0.0,3.0,0.0,3 x 0,W,UNKNOWN,UNKNOWN,GO,Brasil,OFFICIAL_COMPETITIVE,True,HIGH,HIGH,HIGH,HIGH,LOW,Futebol80,1611,1611.0,https://www.futebol80.com.br/links/times/goias/goiasjg.htm,,,,,historical_futebol80,Estádio Serra Dourada,Goiânia,MEDIUM,"INFERIDO, não confirmado. Mandante: Goiás (fonte: CSV (goias_is_home)). Em 1984 (Campeonato Goiano), todos os 2 jogos do Goiás como mandante com estádio confirmado foram em Estádio Serra Dourada (hist-f80-1602, hist-f80-1615).",UNKNOWN
hist-f80-1612,1984,1984-09-30,30/set/1984,DAY,UNKNOWN,PLAYED,True,Campeonato Goiano,GOIANO,Goiano,,,,,Goiânia-GO,,True,,,0.0,1.0,0 x 1,L,UNKNOWN,UNKNOWN,GO,Brasil,OFFICIAL_COMPETITIVE,True,HIGH,HIGH,HIGH,HIGH,LOW,Futebol80,1612,1612.0,https://www.futebol80.com.br/links/times/goias/goiasjg.htm,,,,,historical_futebol80,,,,,UNKNOWN
hist-f80-1613,1984,1984-10-07,07/out/1984,DAY,UNKNOWN,PLAYED,True,Campeonato Goiano,GOIANO,Goiano,,,Nacional de Itumbiara-GO,Goiás,Nacional de Itumbiara-GO,False,False,0.0,0.0,0.0,0.0,0 x 0,D,UNKNOWN,UNKNOWN,GO,Brasil,OFFICIAL_COMPETITIVE,True,HIGH,HIGH,HIGH,HIGH,LOW,Futebol80,1613,1613.0,https://www.futebol80.com.br/links/times/goias/goiasjg.htm,,,,,historical_futebol80,,,,,UNKNOWN
hist-f80-1614,1984,1984-10-10,10/out/1984,DAY,UNKNOWN,PLAYED,True,Campeonato Goiano,GOIANO,Goiano,,,Goiás,Rio Verde-GO,Rio Verde-GO,True,False,0.0,1.0,0.0,1.0,0 x 1,L,UNKNOWN,UNKNOWN,GO,Brasil,OFFICIAL_COMPETITIVE,True,HIGH,HIGH,HIGH,HIGH,LOW,Futebol80,1614,1614.0,https://www.futebol80.com.br/links/times/goias/goiasjg.htm,,,,,historical_futebol80,Estádio Serra Dourada,Goiânia,MEDIUM,"INFERIDO, não confirmado. Mandante: Goiás (fonte: CSV (goias_is_home)). Em 1984 (Campeonato Goiano), todos os 2 jogos do Goiás como mandante com estádio confirmado foram em Estádio Serra Dourada (hist-f80-1602, hist-f80-1615).",UNKNOWN
hist-f80-1617,1984,1984-10-28,28/out/1984,DAY,UNKNOWN,PLAYED,True,Campeonato Goiano,GOIANO,Goiano,,,Anapolina-GO,Goiás,Anapolina-GO,False,False,0.0,1.0,1.0,0.0,1 x 0,W,UNKNOWN,UNKNOWN,GO,Brasil,OFFICIAL_COMPETITIVE,True,HIGH,HIGH,HIGH,HIGH,LOW,Futebol80,1617,1617.0,https://www.futebol80.com.br/links/times/goias/goiasjg.htm,,,,,historical_futebol80,,,,,UNKNOWN
hist-f80-1624,1984,1984-12-02,02/dez/1984,DAY,UNKNOWN,REPLACEMENT,True,Campeonato Goiano,GOIANO,Goiano,,,Jataiense-GO,Goiás,Jataiense-GO,False,False,3.0,1.0,1.0,3.0,1 x 3,L,UNKNOWN,UNKNOWN,GO,Brasil,OFFICIAL_COMPETITIVE,True,HIGH,HIGH,HIGH,HIGH,LOW,Futebol80,1624,1624.0,https://www.futebol80.com.br/links/times/goias/goiasjg.htm,,,,"Jogo em substituição ao de 16/09/1984, que foi anulado em 0 x 0.",historical_futebol80,,,,,UNKNOWN
hist-f80-1651,1985,1985-06-01,01/jun/1985,DAY,UNKNOWN,PLAYED,True,Campeonato Goiano,GOIANO,Goiano,,,Ceres-GO,Goiás,Ceres-GO,False,False,0.0,0.0,0.0,0.0,0 x 0,D,UNKNOWN,UNKNOWN,GO,Brasil,OFFICIAL_COMPETITIVE,True,HIGH,HIGH,HIGH,HIGH,LOW,Futebol80,1651,1651.0,https://www.futebol80.com.br/links/times/goias/goiasjg.htm,,,,,historical_futebol80,,,,,UNKNOWN
hist-f80-1652,1985,1985-06-06,06/jun/1985,DAY,UNKNOWN,PLAYED,True,Campeonato Goiano,GOIANO,Goiano,,,,,Goiânia-GO,,True,,,1.0,1.0,1 x 1,D,UNKNOWN,UNKNOWN,GO,Brasil,OFFICIAL_COMPETITIVE,True,HIGH,HIGH,HIGH,HIGH,LOW,Futebol80,1652,1652.0,https://www.futebol80.com.br/links/times/goias/goiasjg.htm,,,,,historical_futebol80,Estádio Serra Dourada,Goiânia,MEDIUM,"INFERIDO, não confirmado. Mandante: Goiás (fonte: FdG ficha 22983 (Goiás 1 x 1 Goiânia)). Em 1985 (Campeonato Goiano), todos os 4 jogos do Goiás como mandante com estádio confirmado foram em Estádio Serra Dourada (hist-f80-1658, hist-f80-1659, hist-f80-1672, hist-f80-1680).",UNKNOWN
hist-f80-1653,1985,1985-06-09,09/jun/1985,DAY,UNKNOWN,PLAYED,True,Campeonato Goiano,GOIANO,Goiano,,,Anápolis-GO,Goiás,Anápolis-GO,False,False,2.0,0.0,0.0,2.0,0 x 2,L,UNKNOWN,UNKNOWN,GO,Brasil,OFFICIAL_COMPETITIVE,True,HIGH,HIGH,HIGH,HIGH,LOW,Futebol80,1653,1653.0,https://www.futebol80.com.br/links/times/goias/goiasjg.htm,,,,,historical_futebol80,,,,,UNKNOWN
hist-f80-1654,1985,1985-06-15,15/jun/1985,DAY,UNKNOWN,PLAYED,True,Campeonato Goiano,GOIANO,Goiano,,,Goiás,Rio Verde-GO,Rio Verde-GO,True,False,1.0,0.0,1.0,0.0,1 x 0,W,UNKNOWN,UNKNOWN,GO,Brasil,OFFICIAL_COMPETITIVE,True,HIGH,HIGH,HIGH,HIGH,LOW,Futebol80,1654,1654.0,https://www.futebol80.com.br/links/times/goias/goiasjg.htm,,,,,historical_futebol80,Estádio Serra Dourada,Goiânia,MEDIUM,"INFERIDO, não confirmado. Mandante: Goiás (fonte: CSV (goias_is_home)). Em 1985 (Campeonato Goiano), todos os 4 jogos do Goiás como mandante com estádio confirmado foram em Estádio Serra Dourada (hist-f80-1658, hist-f80-1659, hist-f80-1672, hist-f80-1680).",UNKNOWN
hist-f80-1655,1985,1985-06-22,22/jun/1985,DAY,UNKNOWN,PLAYED,True,Campeonato Goiano,GOIANO,Goiano,,,Goiás,Nacional de Itumbiara-GO,Nacional de Itumbiara-GO,True,False,5.0,0.0,5.0,0.0,5 x 0,W,UNKNOWN,UNKNOWN,GO,Brasil,OFFICIAL_COMPETITIVE,True,HIGH,HIGH,HIGH,HIGH,LOW,Futebol80,1655,1655.0,https://www.futebol80.com.br/links/times/goias/goiasjg.htm,,,,,historical_futebol80,Estádio Serra Dourada,Goiânia,MEDIUM,"INFERIDO, não confirmado. Mandante: Goiás (fonte: CSV (goias_is_home)). Em 1985 (Campeonato Goiano), todos os 4 jogos do Goiás como mandante com estádio confirmado foram em Estádio Serra Dourada (hist-f80-1658, hist-f80-1659, hist-f80-1672, hist-f80-1680).",UNKNOWN
hist-f80-1656,1985,1985-06-26,26/jun/1985,DAY,UNKNOWN,PLAYED,True,Campeonato Goiano,GOIANO,Goiano,,,Goiás,Goiatuba-GO,Goiatuba-GO,True,False,5.0,0.0,5.0,0.0,5 x 0,W,UNKNOWN,UNKNOWN,GO,Brasil,OFFICIAL_COMPETITIVE,True,HIGH,HIGH,HIGH,HIGH,LOW,Futebol80,1656,1656.0,https://www.futebol80.com.br/links/times/goias/goiasjg.htm,,,,,historical_futebol80,Estádio Serra Dourada,Goiânia,MEDIUM,"INFERIDO, não confirmado. Mandante: Goiás (fonte: CSV (goias_is_home)). Em 1985 (Campeonato Goiano), todos os 4 jogos do Goiás como mandante com estádio confirmado foram em Estádio Serra Dourada (hist-f80-1658, hist-f80-1659, hist-f80-1672, hist-f80-1680).",UNKNOWN
hist-f80-1657,1985,1985-06-29,29/jun/1985,DAY,UNKNOWN,PLAYED,True,Campeonato Goiano,GOIANO,Goiano,,,Itumbiara-GO,Goiás,Itumbiara-GO,False,False,0.0,0.0,0.0,0.0,0 x 0,D,UNKNOWN,UNKNOWN,GO,Brasil,OFFICIAL_COMPETITIVE,True,HIGH,HIGH,HIGH,HIGH,LOW,Futebol80,1657,1657.0,https://www.futebol80.com.br/links/times/goias/goiasjg.htm,,,,,historical_futebol80,,,,,UNKNOWN
hist-f80-1660,1985,1985-07-25,25/jul/1985,DAY,UNKNOWN,PLAYED,True,Campeonato Goiano,GOIANO,Goiano,,,Goiás,Anapolina-GO,Anapolina-GO,True,False,0.0,1.0,0.0,1.0,0 x 1,L,UNKNOWN,UNKNOWN,GO,Brasil,OFFICIAL_COMPETITIVE,True,HIGH,HIGH,HIGH,HIGH,LOW,Futebol80,1660,1660.0,https://www.futebol80.com.br/links/times/goias/goiasjg.htm,,,,,historical_futebol80,Estádio Serra Dourada,Goiânia,MEDIUM,"INFERIDO, não confirmado. Mandante: Goiás (fonte: CSV (goias_is_home)). Em 1985 (Campeonato Goiano), todos os 4 jogos do Goiás como mandante com estádio confirmado foram em Estádio Serra Dourada (hist-f80-1658, hist-f80-1659, hist-f80-1672, hist-f80-1680).",UNKNOWN
hist-f80-1661,1985,1985-07-28,28/jul/1985,DAY,UNKNOWN,PLAYED,True,Campeonato Goiano,GOIANO,Goiano,,,,,Monte Cristo-GO,,True,,,2.0,1.0,2 x 1,W,UNKNOWN,UNKNOWN,GO,Brasil,OFFICIAL_COMPETITIVE,True,HIGH,HIGH,HIGH,HIGH,LOW,Futebol80,1661,1661.0,https://www.futebol80.com.br/links/times/goias/goiasjg.htm,,,,,historical_futebol80,Estádio Serra Dourada,Goiânia,MEDIUM,"INFERIDO, não confirmado. Mandante: Goiás (fonte: FdG ficha 23039 (Goiás 2 x 1 Monte Cristo)). Em 1985 (Campeonato Goiano), todos os 4 jogos do Goiás como mandante com estádio confirmado foram em Estádio Serra Dourada (hist-f80-1658, hist-f80-1659, hist-f80-1672, hist-f80-1680).",UNKNOWN
hist-f80-1662,1985,1985-08-03,03/ago/1985,DAY,UNKNOWN,PLAYED,True,Campeonato Goiano,GOIANO,Goiano,,,Goiás,Itumbiara-GO,Itumbiara-GO,True,False,2.0,0.0,2.0,0.0,2 x 0,W,UNKNOWN,UNKNOWN,GO,Brasil,OFFICIAL_COMPETITIVE,True,HIGH,HIGH,HIGH,HIGH,LOW,Futebol80,1662,1662.0,https://www.futebol80.com.br/links/times/goias/goiasjg.htm,,,,,historical_futebol80,Estádio Serra Dourada,Goiânia,MEDIUM,"INFERIDO, não confirmado. Mandante: Goiás (fonte: CSV (goias_is_home)). Em 1985 (Campeonato Goiano), todos os 4 jogos do Goiás como mandante com estádio confirmado foram em Estádio Serra Dourada (hist-f80-1658, hist-f80-1659, hist-f80-1672, hist-f80-1680).",UNKNOWN
hist-f80-1663,1985,1985-08-10,10/ago/1985,DAY,UNKNOWN,PLAYED,True,Campeonato Goiano,GOIANO,Goiano,,,Goiatuba-GO,Goiás,Goiatuba-GO,False,False,0.0,1.0,1.0,0.0,1 x 0,W,UNKNOWN,UNKNOWN,GO,Brasil,OFFICIAL_COMPETITIVE,True,HIGH,HIGH,HIGH,HIGH,LOW,Futebol80,1663,1663.0,https://www.futebol80.com.br/links/times/goias/goiasjg.htm,,,,,historical_futebol80,,,,,UNKNOWN
hist-f80-1664,1985,1985-08-18,18/ago/1985,DAY,UNKNOWN,PLAYED,True,Campeonato Goiano,GOIANO,Goiano,,,Rio Verde-GO,Goiás,Rio Verde-GO,False,False,0.0,0.0,0.0,0.0,0 x 0,D,UNKNOWN,UNKNOWN,GO,Brasil,OFFICIAL_COMPETITIVE,True,HIGH,HIGH,HIGH,HIGH,LOW,Futebol80,1664,1664.0,https://www.futebol80.com.br/links/times/goias/goiasjg.htm,,,,,historical_futebol80,,,,,UNKNOWN
hist-f80-1665,1985,1985-08-25,25/ago/1985,DAY,UNKNOWN,PLAYED,True,Campeonato Goiano,GOIANO,Goiano,,,Nacional de Itumbiara-GO,Goiás,Nacional de Itumbiara-GO,False,False,0.0,3.0,3.0,0.0,3 x 0,W,UNKNOWN,UNKNOWN,GO,Brasil,OFFICIAL_COMPETITIVE,True,HIGH,HIGH,HIGH,HIGH,LOW,Futebol80,1665,1665.0,https://www.futebol80.com.br/links/times/goias/goiasjg.htm,,,,,historical_futebol80,,,,,UNKNOWN
hist-f80-1666,1985,1985-08-28,28/ago/1985,DAY,UNKNOWN,PLAYED,True,Campeonato Goiano,GOIANO,Goiano,,,Goiás,Anápolis-GO,Anápolis-GO,True,False,2.0,0.0,2.0,0.0,2 x 0,W,UNKNOWN,UNKNOWN,GO,Brasil,OFFICIAL_COMPETITIVE,True,HIGH,HIGH,HIGH,HIGH,LOW,Futebol80,1666,1666.0,https://www.futebol80.com.br/links/times/goias/goiasjg.htm,,,,,historical_futebol80,Estádio Serra Dourada,Goiânia,MEDIUM,"INFERIDO, não confirmado. Mandante: Goiás (fonte: CSV (goias_is_home)). Em 1985 (Campeonato Goiano), todos os 4 jogos do Goiás como mandante com estádio confirmado foram em Estádio Serra Dourada (hist-f80-1658, hist-f80-1659, hist-f80-1672, hist-f80-1680).",UNKNOWN
hist-f80-1667,1985,1985-09-01,01/set/1985,DAY,UNKNOWN,PLAYED,True,Campeonato Goiano,GOIANO,Goiano,,,,,Monte Cristo-GO,,True,,,4.0,0.0,4 x 0,W,UNKNOWN,UNKNOWN,GO,Brasil,OFFICIAL_COMPETITIVE,True,HIGH,HIGH,HIGH,HIGH,LOW,Futebol80,1667,1667.0,https://www.futebol80.com.br/links/times/goias/goiasjg.htm,,,,,historical_futebol80,Estádio Serra Dourada,Goiânia,MEDIUM,"INFERIDO, não confirmado. Mandante: Goiás (fonte: FdG ficha 23069 (Goiás 4 x 0 Monte Cristo)). Em 1985 (Campeonato Goiano), todos os 4 jogos do Goiás como mandante com estádio confirmado foram em Estádio Serra Dourada (hist-f80-1658, hist-f80-1659, hist-f80-1672, hist-f80-1680).",UNKNOWN
hist-f80-1668,1985,1985-09-08,08/set/1985,DAY,UNKNOWN,PLAYED,True,Campeonato Goiano,GOIANO,Goiano,,,,,Goiânia-GO,,True,,,2.0,1.0,2 x 1,W,UNKNOWN,UNKNOWN,GO,Brasil,OFFICIAL_COMPETITIVE,True,HIGH,HIGH,HIGH,HIGH,LOW,Futebol80,1668,1668.0,https://www.futebol80.com.br/links/times/goias/goiasjg.htm,,,,,historical_futebol80,Estádio Serra Dourada,Goiânia,MEDIUM,"INFERIDO, não confirmado. Mandante: Goiás (fonte: FdG ficha 23080 (Goiás 2 x 1 Goiânia)). Em 1985 (Campeonato Goiano), todos os 4 jogos do Goiás como mandante com estádio confirmado foram em Estádio Serra Dourada (hist-f80-1658, hist-f80-1659, hist-f80-1672, hist-f80-1680).",UNKNOWN
hist-f80-1669,1985,1985-09-15,15/set/1985,DAY,UNKNOWN,PLAYED,True,Campeonato Goiano,GOIANO,Goiano,,,Anapolina-GO,Goiás,Anapolina-GO,False,False,1.0,1.0,1.0,1.0,1 x 1,D,UNKNOWN,UNKNOWN,GO,Brasil,OFFICIAL_COMPETITIVE,True,HIGH,HIGH,HIGH,HIGH,LOW,Futebol80,1669,1669.0,https://www.futebol80.com.br/links/times/goias/goiasjg.htm,,,,,historical_futebol80,,,,,UNKNOWN
hist-f80-1671,1985,1985-09-25,25/set/1985,DAY,UNKNOWN,PLAYED,True,Campeonato Goiano,GOIANO,Goiano,,,Goiás,Ceres-GO,Ceres-GO,True,False,1.0,0.0,1.0,0.0,1 x 0,W,UNKNOWN,UNKNOWN,GO,Brasil,OFFICIAL_COMPETITIVE,True,HIGH,HIGH,HIGH,HIGH,LOW,Futebol80,1671,1671.0,https://www.futebol80.com.br/links/times/goias/goiasjg.htm,,,,,historical_futebol80,Estádio Serra Dourada,Goiânia,MEDIUM,"INFERIDO, não confirmado. Mandante: Goiás (fonte: CSV (goias_is_home)). Em 1985 (Campeonato Goiano), todos os 4 jogos do Goiás como mandante com estádio confirmado foram em Estádio Serra Dourada (hist-f80-1658, hist-f80-1659, hist-f80-1672, hist-f80-1680).",UNKNOWN
hist-f80-1673,1985,1985-10-12,12/out/1985,DAY,UNKNOWN,PLAYED,True,Campeonato Goiano,GOIANO,Goiano,,,Goiás,Ceres-GO,Ceres-GO,True,False,2.0,0.0,2.0,0.0,2 x 0,W,UNKNOWN,UNKNOWN,GO,Brasil,OFFICIAL_COMPETITIVE,True,HIGH,HIGH,HIGH,HIGH,LOW,Futebol80,1673,1673.0,https://www.futebol80.com.br/links/times/goias/goiasjg.htm,,,,,historical_futebol80,Estádio Serra Dourada,Goiânia,MEDIUM,"INFERIDO, não confirmado. Mandante: Goiás (fonte: CSV (goias_is_home)). Em 1985 (Campeonato Goiano), todos os 4 jogos do Goiás como mandante com estádio confirmado foram em Estádio Serra Dourada (hist-f80-1658, hist-f80-1659, hist-f80-1672, hist-f80-1680).",UNKNOWN
hist-f80-1675,1985,1985-10-24,24/out/1985,DAY,UNKNOWN,PLAYED,True,Campeonato Goiano,GOIANO,Goiano,,,,,Goiânia-GO,,True,,,1.0,2.0,1 x 2,L,UNKNOWN,UNKNOWN,GO,Brasil,OFFICIAL_COMPETITIVE,True,HIGH,HIGH,HIGH,HIGH,LOW,Futebol80,1675,1675.0,https://www.futebol80.com.br/links/times/goias/goiasjg.htm,,,,,historical_futebol80,,,,,UNKNOWN
hist-f80-1676,1985,1985-10-27,27/out/1985,DAY,UNKNOWN,PLAYED,True,Campeonato Goiano,GOIANO,Goiano,,,Anapolina-GO,Goiás,Anapolina-GO,False,False,3.0,2.0,2.0,3.0,2 x 3,L,UNKNOWN,UNKNOWN,GO,Brasil,OFFICIAL_COMPETITIVE,True,HIGH,HIGH,HIGH,HIGH,LOW,Futebol80,1676,1676.0,https://www.futebol80.com.br/links/times/goias/goiasjg.htm,,,,,historical_futebol80,,,,,UNKNOWN
hist-f80-1678,1985,1985-11-10,10/nov/1985,DAY,UNKNOWN,PLAYED,True,Campeonato Goiano,GOIANO,Goiano,,,Ceres-GO,Goiás,Ceres-GO,False,False,0.0,0.0,0.0,0.0,0 x 0,D,UNKNOWN,UNKNOWN,GO,Brasil,OFFICIAL_COMPETITIVE,True,HIGH,HIGH,HIGH,HIGH,LOW,Futebol80,1678,1678.0,https://www.futebol80.com.br/links/times/goias/goiasjg.htm,,,,,historical_futebol80,,,,,UNKNOWN
hist-f80-1679,1985,1985-11-13,13/nov/1985,DAY,UNKNOWN,PLAYED,True,Campeonato Goiano,GOIANO,Goiano,,,,,Goiânia-GO,,True,,,0.0,0.0,0 x 0,D,UNKNOWN,UNKNOWN,GO,Brasil,OFFICIAL_COMPETITIVE,True,HIGH,HIGH,HIGH,HIGH,LOW,Futebol80,1679,1679.0,https://www.futebol80.com.br/links/times/goias/goiasjg.htm,,,,,historical_futebol80,,,,,UNKNOWN
hist-f80-1681,1985,1985-11-30,30/nov/1985,DAY,UNKNOWN,PLAYED,True,Campeonato Goiano,GOIANO,Goiano,,,Goiás,Anapolina-GO,Anapolina-GO,True,False,1.0,0.0,1.0,0.0,1 x 0,W,UNKNOWN,UNKNOWN,GO,Brasil,OFFICIAL_COMPETITIVE,True,HIGH,HIGH,HIGH,HIGH,LOW,Futebol80,1681,1681.0,https://www.futebol80.com.br/links/times/goias/goiasjg.htm,,,,,historical_futebol80,Estádio Serra Dourada,Goiânia,MEDIUM,"INFERIDO, não confirmado. Mandante: Goiás (fonte: CSV (goias_is_home)). Em 1985 (Campeonato Goiano), todos os 4 jogos do Goiás como mandante com estádio confirmado foram em Estádio Serra Dourada (hist-f80-1658, hist-f80-1659, hist-f80-1672, hist-f80-1680).",UNKNOWN
hist-f80-1687,1986,1986-02-23,23/fev/1986,DAY,UNKNOWN,PLAYED,True,Campeonato Goiano,GOIANO,Goiano,,,Itumbiara-GO,Goiás,Itumbiara-GO,False,False,0.0,2.0,2.0,0.0,2 x 0,W,UNKNOWN,UNKNOWN,GO,Brasil,OFFICIAL_COMPETITIVE,True,HIGH,HIGH,HIGH,HIGH,LOW,Futebol80,1687,1687.0,https://www.futebol80.com.br/links/times/goias/goiasjg.htm,,,,,historical_futebol80,,,,,UNKNOWN
hist-f80-1688,1986,1986-03-02,02/mar/1986,DAY,UNKNOWN,PLAYED,True,Campeonato Goiano,GOIANO,Goiano,,,,,Vila Nova-GO,,True,,,1.0,0.0,1 x 0,W,UNKNOWN,UNKNOWN,GO,Brasil,OFFICIAL_COMPETITIVE,True,HIGH,HIGH,HIGH,HIGH,LOW,Futebol80,1688,1688.0,https://www.futebol80.com.br/links/times/goias/goiasjg.htm,,,,,historical_futebol80,Estádio Serra Dourada,Goiânia,MEDIUM,"INFERIDO, não confirmado. Mandante: Goiás (fonte: FdG ficha 23170 (Goiás 1 x 0 Vila Nova)). Em 1986 (Campeonato Goiano), todos os 3 jogos do Goiás como mandante com estádio confirmado foram em Estádio Serra Dourada (hist-f80-1696, hist-f80-1719, hist-f80-1720).",UNKNOWN
hist-f80-1689,1986,1986-03-09,09/mar/1986,DAY,UNKNOWN,PLAYED,True,Campeonato Goiano,GOIANO,Goiano,,,,,Goiânia-GO,,True,,,2.0,1.0,2 x 1,W,UNKNOWN,UNKNOWN,GO,Brasil,OFFICIAL_COMPETITIVE,True,HIGH,HIGH,HIGH,HIGH,LOW,Futebol80,1689,1689.0,https://www.futebol80.com.br/links/times/goias/goiasjg.htm,,,,,historical_futebol80,Estádio Serra Dourada,Goiânia,MEDIUM,"INFERIDO, não confirmado. Mandante: Goiás (fonte: FdG ficha 23179 (Goiás 2 x 1 Goiânia)). Em 1986 (Campeonato Goiano), todos os 3 jogos do Goiás como mandante com estádio confirmado foram em Estádio Serra Dourada (hist-f80-1696, hist-f80-1719, hist-f80-1720).",UNKNOWN
hist-f80-1690,1986,1986-03-12,12/mar/1986,DAY,UNKNOWN,PLAYED,True,Campeonato Goiano,GOIANO,Goiano,,,Goiás,Goianésia-GO,Goianésia-GO,True,False,4.0,0.0,4.0,0.0,4 x 0,W,UNKNOWN,UNKNOWN,GO,Brasil,OFFICIAL_COMPETITIVE,True,HIGH,HIGH,HIGH,HIGH,LOW,Futebol80,1690,1690.0,https://www.futebol80.com.br/links/times/goias/goiasjg.htm,,,,,historical_futebol80,Estádio Serra Dourada,Goiânia,MEDIUM,"INFERIDO, não confirmado. Mandante: Goiás (fonte: CSV (goias_is_home)). Em 1986 (Campeonato Goiano), todos os 3 jogos do Goiás como mandante com estádio confirmado foram em Estádio Serra Dourada (hist-f80-1696, hist-f80-1719, hist-f80-1720).",UNKNOWN
hist-f80-1691,1986,1986-03-16,16/mar/1986,DAY,UNKNOWN,PLAYED,True,Campeonato Goiano,GOIANO,Goiano,,,Ceres-GO,Goiás,Ceres-GO,False,False,0.0,1.0,1.0,0.0,1 x 0,W,UNKNOWN,UNKNOWN,GO,Brasil,OFFICIAL_COMPETITIVE,True,HIGH,HIGH,HIGH,HIGH,LOW,Futebol80,1691,1691.0,https://www.futebol80.com.br/links/times/goias/goiasjg.htm,,,,,historical_futebol80,,,,,UNKNOWN
hist-f80-1692,1986,1986-03-19,19/mar/1986,DAY,UNKNOWN,PLAYED,True,Campeonato Goiano,GOIANO,Goiano,,,Anápolis-GO,Goiás,Anápolis-GO,False,False,2.0,1.0,1.0,2.0,1 x 2,L,UNKNOWN,UNKNOWN,GO,Brasil,OFFICIAL_COMPETITIVE,True,HIGH,HIGH,HIGH,HIGH,LOW,Futebol80,1692,1692.0,https://www.futebol80.com.br/links/times/goias/goiasjg.htm,,,,,historical_futebol80,,,,,UNKNOWN
hist-f80-1693,1986,1986-03-23,23/mar/1986,DAY,UNKNOWN,PLAYED,True,Campeonato Goiano,GOIANO,Goiano,,,Goiás,Anapolina-GO,Anapolina-GO,True,False,1.0,0.0,1.0,0.0,1 x 0,W,UNKNOWN,UNKNOWN,GO,Brasil,OFFICIAL_COMPETITIVE,True,HIGH,HIGH,HIGH,HIGH,LOW,Futebol80,1693,1693.0,https://www.futebol80.com.br/links/times/goias/goiasjg.htm,,,,,historical_futebol80,Estádio Serra Dourada,Goiânia,MEDIUM,"INFERIDO, não confirmado. Mandante: Goiás (fonte: CSV (goias_is_home)). Em 1986 (Campeonato Goiano), todos os 3 jogos do Goiás como mandante com estádio confirmado foram em Estádio Serra Dourada (hist-f80-1696, hist-f80-1719, hist-f80-1720).",UNKNOWN
hist-f80-1694,1986,1986-03-26,26/mar/1986,DAY,UNKNOWN,PLAYED,True,Campeonato Goiano,GOIANO,Goiano,,,Goiás,Rio Verde-GO,Rio Verde-GO,True,False,0.0,0.0,0.0,0.0,0 x 0,D,UNKNOWN,UNKNOWN,GO,Brasil,OFFICIAL_COMPETITIVE,True,HIGH,HIGH,HIGH,HIGH,LOW,Futebol80,1694,1694.0,https://www.futebol80.com.br/links/times/goias/goiasjg.htm,,,,,historical_futebol80,Estádio Serra Dourada,Goiânia,MEDIUM,"INFERIDO, não confirmado. Mandante: Goiás (fonte: CSV (goias_is_home)). Em 1986 (Campeonato Goiano), todos os 3 jogos do Goiás como mandante com estádio confirmado foram em Estádio Serra Dourada (hist-f80-1696, hist-f80-1719, hist-f80-1720).",UNKNOWN
hist-f80-1695,1986,1986-03-30,30/mar/1986,DAY,UNKNOWN,PLAYED,True,Campeonato Goiano,GOIANO,Goiano,,,América de Morrinhos-GO,Goiás,América de Morrinhos-GO,False,False,0.0,1.0,1.0,0.0,1 x 0,W,UNKNOWN,UNKNOWN,GO,Brasil,OFFICIAL_COMPETITIVE,True,HIGH,HIGH,HIGH,HIGH,LOW,Futebol80,1695,1695.0,https://www.futebol80.com.br/links/times/goias/goiasjg.htm,,,,,historical_futebol80,,,,,UNKNOWN
hist-f80-1697,1986,1986-04-10,10/abr/1986,DAY,UNKNOWN,PLAYED,True,Campeonato Goiano,GOIANO,Goiano,,,Goiás,Goiatuba-GO,Goiatuba-GO,True,False,1.0,1.0,1.0,1.0,1 x 1,D,UNKNOWN,UNKNOWN,GO,Brasil,OFFICIAL_COMPETITIVE,True,HIGH,HIGH,HIGH,HIGH,LOW,Futebol80,1697,1697.0,https://www.futebol80.com.br/links/times/goias/goiasjg.htm,,,,,historical_futebol80,Estádio Serra Dourada,Goiânia,MEDIUM,"INFERIDO, não confirmado. Mandante: Goiás (fonte: CSV (goias_is_home)). Em 1986 (Campeonato Goiano), todos os 3 jogos do Goiás como mandante com estádio confirmado foram em Estádio Serra Dourada (hist-f80-1696, hist-f80-1719, hist-f80-1720).",UNKNOWN
hist-f80-1698,1986,1986-04-13,13/abr/1986,DAY,UNKNOWN,PLAYED,True,Campeonato Goiano,GOIANO,Goiano,,,Rio Verde-GO,Goiás,Rio Verde-GO,False,False,1.0,1.0,1.0,1.0,1 x 1,D,UNKNOWN,UNKNOWN,GO,Brasil,OFFICIAL_COMPETITIVE,True,HIGH,HIGH,HIGH,HIGH,LOW,Futebol80,1698,1698.0,https://www.futebol80.com.br/links/times/goias/goiasjg.htm,,,,,historical_futebol80,,,,,UNKNOWN
hist-f80-1699,1986,1986-04-17,17/abr/1986,DAY,UNKNOWN,PLAYED,True,Campeonato Goiano,GOIANO,Goiano,,,Goiás,Anápolis-GO,Anápolis-GO,True,False,5.0,0.0,5.0,0.0,5 x 0,W,UNKNOWN,UNKNOWN,GO,Brasil,OFFICIAL_COMPETITIVE,True,HIGH,HIGH,HIGH,HIGH,LOW,Futebol80,1699,1699.0,https://www.futebol80.com.br/links/times/goias/goiasjg.htm,,,,,historical_futebol80,Estádio Serra Dourada,Goiânia,MEDIUM,"INFERIDO, não confirmado. Mandante: Goiás (fonte: CSV (goias_is_home)). Em 1986 (Campeonato Goiano), todos os 3 jogos do Goiás como mandante com estádio confirmado foram em Estádio Serra Dourada (hist-f80-1696, hist-f80-1719, hist-f80-1720).",UNKNOWN
hist-f80-1700,1986,1986-04-21,21/abr/1986,DAY,UNKNOWN,PLAYED,True,Campeonato Goiano,GOIANO,Goiano,,,Goiás,Ceres-GO,Ceres-GO,True,False,2.0,0.0,2.0,0.0,2 x 0,W,UNKNOWN,UNKNOWN,GO,Brasil,OFFICIAL_COMPETITIVE,True,HIGH,HIGH,HIGH,HIGH,LOW,Futebol80,1700,1700.0,https://www.futebol80.com.br/links/times/goias/goiasjg.htm,,,,,historical_futebol80,Estádio Serra Dourada,Goiânia,MEDIUM,"INFERIDO, não confirmado. Mandante: Goiás (fonte: CSV (goias_is_home)). Em 1986 (Campeonato Goiano), todos os 3 jogos do Goiás como mandante com estádio confirmado foram em Estádio Serra Dourada (hist-f80-1696, hist-f80-1719, hist-f80-1720).",UNKNOWN
hist-f80-1702,1986,1986-05-04,04/mai/1986,DAY,UNKNOWN,PLAYED,True,Campeonato Goiano,GOIANO,Goiano,,,Anapolina-GO,Goiás,Anapolina-GO,False,False,1.0,2.0,2.0,1.0,2 x 1,W,UNKNOWN,UNKNOWN,GO,Brasil,OFFICIAL_COMPETITIVE,True,HIGH,HIGH,HIGH,HIGH,LOW,Futebol80,1702,1702.0,https://www.futebol80.com.br/links/times/goias/goiasjg.htm,,,,,historical_futebol80,,,,,UNKNOWN
hist-f80-1703,1986,1986-05-11,11/mai/1986,DAY,UNKNOWN,PLAYED,True,Campeonato Goiano,GOIANO,Goiano,,,,,Goiânia-GO,,True,,,0.0,0.0,0 x 0,D,UNKNOWN,UNKNOWN,GO,Brasil,OFFICIAL_COMPETITIVE,True,HIGH,HIGH,HIGH,HIGH,LOW,Futebol80,1703,1703.0,https://www.futebol80.com.br/links/times/goias/goiasjg.htm,,,,,historical_futebol80,Estádio Serra Dourada,Goiânia,MEDIUM,"INFERIDO, não confirmado. Mandante: Goiás (fonte: FdG ficha 23265 (Goiás 0 x 0 Goiânia)). Em 1986 (Campeonato Goiano), todos os 3 jogos do Goiás como mandante com estádio confirmado foram em Estádio Serra Dourada (hist-f80-1696, hist-f80-1719, hist-f80-1720).",UNKNOWN
hist-f80-1704,1986,1986-05-14,14/mai/1986,DAY,UNKNOWN,PLAYED,True,Campeonato Goiano,GOIANO,Goiano,,,Goiás,América de Morrinhos-GO,América de Morrinhos-GO,True,False,5.0,0.0,5.0,0.0,5 x 0,W,UNKNOWN,UNKNOWN,GO,Brasil,OFFICIAL_COMPETITIVE,True,HIGH,HIGH,HIGH,HIGH,LOW,Futebol80,1704,1704.0,https://www.futebol80.com.br/links/times/goias/goiasjg.htm,,,,,historical_futebol80,Estádio Serra Dourada,Goiânia,MEDIUM,"INFERIDO, não confirmado. Mandante: Goiás (fonte: CSV (goias_is_home)). Em 1986 (Campeonato Goiano), todos os 3 jogos do Goiás como mandante com estádio confirmado foram em Estádio Serra Dourada (hist-f80-1696, hist-f80-1719, hist-f80-1720).",UNKNOWN
hist-f80-1705,1986,1986-05-18,18/mai/1986,DAY,UNKNOWN,PLAYED,True,Campeonato Goiano,GOIANO,Goiano,,,Goianésia-GO,Goiás,Goianésia-GO,False,False,0.0,1.0,1.0,0.0,1 x 0,W,UNKNOWN,UNKNOWN,GO,Brasil,OFFICIAL_COMPETITIVE,True,HIGH,HIGH,HIGH,HIGH,LOW,Futebol80,1705,1705.0,https://www.futebol80.com.br/links/times/goias/goiasjg.htm,,,,,historical_futebol80,,,,,UNKNOWN
hist-f80-1706,1986,1986-05-21,21/mai/1986,DAY,UNKNOWN,PLAYED,True,Campeonato Goiano,GOIANO,Goiano,,,Goiás,Itumbiara-GO,Itumbiara-GO,True,False,0.0,0.0,0.0,0.0,0 x 0,D,UNKNOWN,UNKNOWN,GO,Brasil,OFFICIAL_COMPETITIVE,True,HIGH,HIGH,HIGH,HIGH,LOW,Futebol80,1706,1706.0,https://www.futebol80.com.br/links/times/goias/goiasjg.htm,,,,,historical_futebol80,Estádio Serra Dourada,Goiânia,MEDIUM,"INFERIDO, não confirmado. Mandante: Goiás (fonte: CSV (goias_is_home)). Em 1986 (Campeonato Goiano), todos os 3 jogos do Goiás como mandante com estádio confirmado foram em Estádio Serra Dourada (hist-f80-1696, hist-f80-1719, hist-f80-1720).",UNKNOWN
hist-f80-1707,1986,1986-05-25,25/mai/1986,DAY,UNKNOWN,PLAYED,True,Campeonato Goiano,GOIANO,Goiano,,,Goiatuba-GO,Goiás,Goiatuba-GO,False,False,1.0,2.0,2.0,1.0,2 x 1,W,UNKNOWN,UNKNOWN,GO,Brasil,OFFICIAL_COMPETITIVE,True,HIGH,HIGH,HIGH,HIGH,LOW,Futebol80,1707,1707.0,https://www.futebol80.com.br/links/times/goias/goiasjg.htm,,,,,historical_futebol80,,,,,UNKNOWN
hist-f80-1708,1986,1986-05-28,28/mai/1986,DAY,UNKNOWN,PLAYED,True,Campeonato Goiano,GOIANO,Goiano,,,,,Atlético-GO,,True,,,1.0,0.0,1 x 0,W,UNKNOWN,UNKNOWN,GO,Brasil,OFFICIAL_COMPETITIVE,True,HIGH,HIGH,HIGH,HIGH,LOW,Futebol80,1708,1708.0,https://www.futebol80.com.br/links/times/goias/goiasjg.htm,,,,,historical_futebol80,Estádio Serra Dourada,Goiânia,MEDIUM,"INFERIDO, não confirmado. Mandante: Goiás (fonte: FdG ficha 23285 (Goiás 1 x 0 Atlético)). Em 1986 (Campeonato Goiano), todos os 3 jogos do Goiás como mandante com estádio confirmado foram em Estádio Serra Dourada (hist-f80-1696, hist-f80-1719, hist-f80-1720).",UNKNOWN
hist-f80-1711,1986,1986-07-06,06/jul/1986,DAY,UNKNOWN,PLAYED,True,Campeonato Goiano,GOIANO,Goiano,,,,,Vila Nova-GO,,True,,,1.0,1.0,1 x 1,D,UNKNOWN,UNKNOWN,GO,Brasil,OFFICIAL_COMPETITIVE,True,HIGH,HIGH,HIGH,HIGH,LOW,Futebol80,1711,1711.0,https://www.futebol80.com.br/links/times/goias/goiasjg.htm,,,,,historical_futebol80,Estádio Serra Dourada,Goiânia,MEDIUM,"INFERIDO, não confirmado. Mandante: Goiás (fonte: FdG ficha 23294 (Goiás 1 x 1 Vila Nova)). Em 1986 (Campeonato Goiano), todos os 3 jogos do Goiás como mandante com estádio confirmado foram em Estádio Serra Dourada (hist-f80-1696, hist-f80-1719, hist-f80-1720).",UNKNOWN
hist-f80-1712,1986,1986-07-09,09/jul/1986,DAY,UNKNOWN,PLAYED,True,Campeonato Goiano,GOIANO,Goiano,,,Rio Verde-GO,Goiás,Rio Verde-GO,False,False,0.0,0.0,0.0,0.0,0 x 0,D,UNKNOWN,UNKNOWN,GO,Brasil,OFFICIAL_COMPETITIVE,True,HIGH,HIGH,HIGH,HIGH,LOW,Futebol80,1712,1712.0,https://www.futebol80.com.br/links/times/goias/goiasjg.htm,,,,,historical_futebol80,,,,,UNKNOWN
hist-f80-1713,1986,1986-07-13,13/jul/1986,DAY,UNKNOWN,PLAYED,True,Campeonato Goiano,GOIANO,Goiano,,,Anápolis-GO,Goiás,Anápolis-GO,False,False,0.0,1.0,1.0,0.0,1 x 0,W,UNKNOWN,UNKNOWN,GO,Brasil,OFFICIAL_COMPETITIVE,True,HIGH,HIGH,HIGH,HIGH,LOW,Futebol80,1713,1713.0,https://www.futebol80.com.br/links/times/goias/goiasjg.htm,,,,,historical_futebol80,,,,,UNKNOWN
hist-f80-1714,1986,1986-07-16,16/jul/1986,DAY,UNKNOWN,PLAYED,True,Campeonato Goiano,GOIANO,Goiano,,,Goiás,Itumbiara-GO,Itumbiara-GO,True,False,2.0,0.0,2.0,0.0,2 x 0,W,UNKNOWN,UNKNOWN,GO,Brasil,OFFICIAL_COMPETITIVE,True,HIGH,HIGH,HIGH,HIGH,LOW,Futebol80,1714,1714.0,https://www.futebol80.com.br/links/times/goias/goiasjg.htm,,,,,historical_futebol80,Estádio Serra Dourada,Goiânia,MEDIUM,"INFERIDO, não confirmado. Mandante: Goiás (fonte: CSV (goias_is_home)). Em 1986 (Campeonato Goiano), todos os 3 jogos do Goiás como mandante com estádio confirmado foram em Estádio Serra Dourada (hist-f80-1696, hist-f80-1719, hist-f80-1720).",UNKNOWN
hist-f80-1716,1986,1986-07-23,23/jul/1986,DAY,UNKNOWN,PLAYED,True,Campeonato Goiano,GOIANO,Goiano,,,Goiás,Rio Verde-GO,Rio Verde-GO,True,False,4.0,2.0,4.0,2.0,4 x 2,W,UNKNOWN,UNKNOWN,GO,Brasil,OFFICIAL_COMPETITIVE,True,HIGH,HIGH,HIGH,HIGH,LOW,Futebol80,1716,1716.0,https://www.futebol80.com.br/links/times/goias/goiasjg.htm,,,,,historical_futebol80,Estádio Serra Dourada,Goiânia,MEDIUM,"INFERIDO, não confirmado. Mandante: Goiás (fonte: CSV (goias_is_home)). Em 1986 (Campeonato Goiano), todos os 3 jogos do Goiás como mandante com estádio confirmado foram em Estádio Serra Dourada (hist-f80-1696, hist-f80-1719, hist-f80-1720).",UNKNOWN
hist-f80-1717,1986,1986-07-27,27/jul/1986,DAY,UNKNOWN,PLAYED,True,Campeonato Goiano,GOIANO,Goiano,,,Itumbiara-GO,Goiás,Itumbiara-GO,False,False,1.0,0.0,0.0,1.0,0 x 1,L,UNKNOWN,UNKNOWN,GO,Brasil,OFFICIAL_COMPETITIVE,True,HIGH,HIGH,HIGH,HIGH,LOW,Futebol80,1717,1717.0,https://www.futebol80.com.br/links/times/goias/goiasjg.htm,,,,,historical_futebol80,,,,,UNKNOWN
hist-f80-1718,1986,1986-07-30,30/jul/1986,DAY,UNKNOWN,PLAYED,True,Campeonato Goiano,GOIANO,Goiano,,,Goiás,Anápolis-GO,Anápolis-GO,True,False,3.0,0.0,3.0,0.0,3 x 0,W,UNKNOWN,UNKNOWN,GO,Brasil,OFFICIAL_COMPETITIVE,True,HIGH,HIGH,HIGH,HIGH,LOW,Futebol80,1718,1718.0,https://www.futebol80.com.br/links/times/goias/goiasjg.htm,,,,,historical_futebol80,Estádio Serra Dourada,Goiânia,MEDIUM,"INFERIDO, não confirmado. Mandante: Goiás (fonte: CSV (goias_is_home)). Em 1986 (Campeonato Goiano), todos os 3 jogos do Goiás como mandante com estádio confirmado foram em Estádio Serra Dourada (hist-f80-1696, hist-f80-1719, hist-f80-1720).",UNKNOWN
hist-f80-1724,1986,1986-09-07,07/set/1986,DAY,UNKNOWN,PLAYED,True,Campeonato Brasileiro,BRASILEIRO,Brasileiro-Copa Brasil,,,Goiás,Joinville-SC,Joinville-SC,True,False,0.0,0.0,0.0,0.0,0 x 0,D,UNKNOWN,UNKNOWN,GO,Brasil,OFFICIAL_COMPETITIVE,True,HIGH,HIGH,HIGH,HIGH,LOW,Futebol80,1724,1724.0,https://www.futebol80.com.br/links/times/goias/goiasjg.htm,,,,,historical_futebol80,Estádio Serra Dourada,Goiânia,MEDIUM,"INFERIDO, não confirmado. Mandante: Goiás (fonte: CSV (goias_is_home)). Em 1986 (Campeonato Brasileiro), todos os 9 jogos do Goiás como mandante com estádio confirmado foram em Estádio Serra Dourada (hist-f80-1725, hist-f80-1726, hist-f80-1729, hist-f80-1732, hist-f80-1734, hist-f80-1737, hist-f80-1741, hist-f80-1744, hist-f80-1746).",UNKNOWN
hist-f80-1731,1986,1986-10-05,05/out/1986,DAY,UNKNOWN,PLAYED,True,Campeonato Brasileiro,BRASILEIRO,Brasileiro-Copa Brasil,,,Goiás,Sergipe-SE,Sergipe-SE,True,False,2.0,0.0,2.0,0.0,2 x 0,W,UNKNOWN,UNKNOWN,GO,Brasil,OFFICIAL_COMPETITIVE,True,HIGH,HIGH,HIGH,HIGH,LOW,Futebol80,1731,1731.0,https://www.futebol80.com.br/links/times/goias/goiasjg.htm,,,,,historical_futebol80,Estádio Serra Dourada,Goiânia,MEDIUM,"INFERIDO, não confirmado. Mandante: Goiás (fonte: CSV (goias_is_home)). Em 1986 (Campeonato Brasileiro), todos os 9 jogos do Goiás como mandante com estádio confirmado foram em Estádio Serra Dourada (hist-f80-1725, hist-f80-1726, hist-f80-1729, hist-f80-1732, hist-f80-1734, hist-f80-1737, hist-f80-1741, hist-f80-1744, hist-f80-1746).",UNKNOWN
hist-f80-1735,1986,1986-11-05,05/nov/1986,DAY,UNKNOWN,PLAYED,True,Campeonato Brasileiro,BRASILEIRO,Brasileiro-Copa Brasil,,,Goiás,Central-PE,Central-PE,True,False,1.0,1.0,1.0,1.0,1 x 1,D,UNKNOWN,UNKNOWN,GO,Brasil,OFFICIAL_COMPETITIVE,True,HIGH,HIGH,HIGH,HIGH,LOW,Futebol80,1735,1735.0,https://www.futebol80.com.br/links/times/goias/goiasjg.htm,,,,,historical_futebol80,Estádio Serra Dourada,Goiânia,MEDIUM,"INFERIDO, não confirmado. Mandante: Goiás (fonte: CSV (goias_is_home)). Em 1986 (Campeonato Brasileiro), todos os 9 jogos do Goiás como mandante com estádio confirmado foram em Estádio Serra Dourada (hist-f80-1725, hist-f80-1726, hist-f80-1729, hist-f80-1732, hist-f80-1734, hist-f80-1737, hist-f80-1741, hist-f80-1744, hist-f80-1746).",UNKNOWN
hist-f80-1747,1987,1987-01-25,25/jan/1987,DAY,UNKNOWN,PLAYED,True,Campeonato Brasileiro,BRASILEIRO,Brasileiro-Copa Brasil,,,Central-PE,Goiás,Central-PE,False,False,2.0,2.0,2.0,2.0,2 x 2,D,UNKNOWN,UNKNOWN,GO,Brasil,OFFICIAL_COMPETITIVE,True,HIGH,HIGH,HIGH,HIGH,LOW,Futebol80,1747,1747.0,https://www.futebol80.com.br/links/times/goias/goiasjg.htm,,,,,historical_futebol80,,,,,UNKNOWN
hist-f80-1750,1987,1987-03-14,14/mar/1987,DAY,UNKNOWN,PLAYED,True,Campeonato Goiano,GOIANO,Goiano,,,Goiás,Santa Helena-GO,Santa Helena-GO,True,False,4.0,1.0,4.0,1.0,4 x 1,W,UNKNOWN,UNKNOWN,GO,Brasil,OFFICIAL_COMPETITIVE,True,HIGH,HIGH,HIGH,HIGH,LOW,Futebol80,1750,1750.0,https://www.futebol80.com.br/links/times/goias/goiasjg.htm,,,,,historical_futebol80,Estádio Serra Dourada,Goiânia,MEDIUM,"INFERIDO, não confirmado. Mandante: Goiás (fonte: CSV (goias_is_home)). Em 1987 (Campeonato Goiano), todos os 2 jogos do Goiás como mandante com estádio confirmado foram em Estádio Serra Dourada (hist-f80-1752, hist-f80-1763).",UNKNOWN
hist-f80-1751,1987,1987-03-22,22/mar/1987,DAY,UNKNOWN,PLAYED,True,Campeonato Goiano,GOIANO,Goiano,,,Anápolis-GO,Goiás,Anápolis-GO,False,False,0.0,0.0,0.0,0.0,0 x 0,D,UNKNOWN,UNKNOWN,GO,Brasil,OFFICIAL_COMPETITIVE,True,HIGH,HIGH,HIGH,HIGH,LOW,Futebol80,1751,1751.0,https://www.futebol80.com.br/links/times/goias/goiasjg.htm,,,,,historical_futebol80,,,,,UNKNOWN
hist-f80-1753,1987,1987-04-05,05/abr/1987,DAY,UNKNOWN,PLAYED,True,Campeonato Goiano,GOIANO,Goiano,,,Goiás,Rio Verde-GO,Rio Verde-GO,True,False,1.0,0.0,1.0,0.0,1 x 0,W,UNKNOWN,UNKNOWN,GO,Brasil,OFFICIAL_COMPETITIVE,True,HIGH,HIGH,HIGH,HIGH,LOW,Futebol80,1753,1753.0,https://www.futebol80.com.br/links/times/goias/goiasjg.htm,,,,,historical_futebol80,Estádio Serra Dourada,Goiânia,MEDIUM,"INFERIDO, não confirmado. Mandante: Goiás (fonte: CSV (goias_is_home)). Em 1987 (Campeonato Goiano), todos os 2 jogos do Goiás como mandante com estádio confirmado foram em Estádio Serra Dourada (hist-f80-1752, hist-f80-1763).",UNKNOWN
hist-f80-1754,1987,1987-04-12,12/abr/1987,DAY,UNKNOWN,PLAYED,True,Campeonato Goiano,GOIANO,Goiano,,,,,Goiânia-GO,,True,,,2.0,2.0,2 x 2,D,UNKNOWN,UNKNOWN,GO,Brasil,OFFICIAL_COMPETITIVE,True,HIGH,HIGH,HIGH,HIGH,LOW,Futebol80,1754,1754.0,https://www.futebol80.com.br/links/times/goias/goiasjg.htm,,,,,historical_futebol80,,,,,UNKNOWN
hist-f80-1755,1987,1987-04-19,19/abr/1987,DAY,UNKNOWN,PLAYED,True,Campeonato Goiano,GOIANO,Goiano,,,Goiatuba-GO,Goiás,Goiatuba-GO,False,False,0.0,7.0,7.0,0.0,7 x 0,W,UNKNOWN,UNKNOWN,GO,Brasil,OFFICIAL_COMPETITIVE,True,HIGH,HIGH,HIGH,HIGH,LOW,Futebol80,1755,1755.0,https://www.futebol80.com.br/links/times/goias/goiasjg.htm,,,,,historical_futebol80,,,,,UNKNOWN
hist-f80-1756,1987,1987-04-22,22/abr/1987,DAY,UNKNOWN,PLAYED,True,Campeonato Goiano,GOIANO,Goiano,,,Goiás,Ceres-GO,Ceres-GO,True,False,2.0,0.0,2.0,0.0,2 x 0,W,UNKNOWN,UNKNOWN,GO,Brasil,OFFICIAL_COMPETITIVE,True,HIGH,HIGH,HIGH,HIGH,LOW,Futebol80,1756,1756.0,https://www.futebol80.com.br/links/times/goias/goiasjg.htm,,,,,historical_futebol80,Estádio Serra Dourada,Goiânia,MEDIUM,"INFERIDO, não confirmado. Mandante: Goiás (fonte: CSV (goias_is_home)). Em 1987 (Campeonato Goiano), todos os 2 jogos do Goiás como mandante com estádio confirmado foram em Estádio Serra Dourada (hist-f80-1752, hist-f80-1763).",UNKNOWN
hist-f80-1757,1987,1987-05-03,03/mai/1987,DAY,UNKNOWN,PLAYED,True,Campeonato Goiano,GOIANO,Goiano,,,CRAC-GO,Goiás,CRAC-GO,False,False,0.0,0.0,0.0,0.0,0 x 0,D,UNKNOWN,UNKNOWN,GO,Brasil,OFFICIAL_COMPETITIVE,True,HIGH,HIGH,HIGH,HIGH,LOW,Futebol80,1757,1757.0,https://www.futebol80.com.br/links/times/goias/goiasjg.htm,,,,,historical_futebol80,,,,,UNKNOWN
hist-f80-1758,1987,1987-05-06,06/mai/1987,DAY,UNKNOWN,PLAYED,True,Campeonato Goiano,GOIANO,Goiano,,,Goiás,Anapolina-GO,Anapolina-GO,True,False,3.0,1.0,3.0,1.0,3 x 1,W,UNKNOWN,UNKNOWN,GO,Brasil,OFFICIAL_COMPETITIVE,True,HIGH,HIGH,HIGH,HIGH,LOW,Futebol80,1758,1758.0,https://www.futebol80.com.br/links/times/goias/goiasjg.htm,,,,,historical_futebol80,Estádio Serra Dourada,Goiânia,MEDIUM,"INFERIDO, não confirmado. Mandante: Goiás (fonte: CSV (goias_is_home)). Em 1987 (Campeonato Goiano), todos os 2 jogos do Goiás como mandante com estádio confirmado foram em Estádio Serra Dourada (hist-f80-1752, hist-f80-1763).",UNKNOWN
hist-f80-1759,1987,1987-05-17,17/mai/1987,DAY,UNKNOWN,PLAYED,True,Campeonato Goiano,GOIANO,Goiano,,,Itumbiara-GO,Goiás,Itumbiara-GO,False,False,2.0,3.0,3.0,2.0,3 x 2,W,UNKNOWN,UNKNOWN,GO,Brasil,OFFICIAL_COMPETITIVE,True,HIGH,HIGH,HIGH,HIGH,LOW,Futebol80,1759,1759.0,https://www.futebol80.com.br/links/times/goias/goiasjg.htm,,,,,historical_futebol80,,,,,UNKNOWN
hist-f80-1761,1987,1987-05-31,31/mai/1987,DAY,UNKNOWN,PLAYED,True,Campeonato Goiano,GOIANO,Goiano,,,Santa Helena-GO,Goiás,Santa Helena-GO,False,False,1.0,0.0,0.0,1.0,0 x 1,L,UNKNOWN,UNKNOWN,GO,Brasil,OFFICIAL_COMPETITIVE,True,HIGH,HIGH,HIGH,HIGH,LOW,Futebol80,1761,1761.0,https://www.futebol80.com.br/links/times/goias/goiasjg.htm,,,,,historical_futebol80,,,,,UNKNOWN
hist-f80-1762,1987,1987-06-07,07/jun/1987,DAY,UNKNOWN,PLAYED,True,Campeonato Goiano,GOIANO,Goiano,,,Goiás,Anápolis-GO,Anápolis-GO,True,False,2.0,2.0,2.0,2.0,2 x 2,D,UNKNOWN,UNKNOWN,GO,Brasil,OFFICIAL_COMPETITIVE,True,HIGH,HIGH,HIGH,HIGH,LOW,Futebol80,1762,1762.0,https://www.futebol80.com.br/links/times/goias/goiasjg.htm,,,,,historical_futebol80,Estádio Serra Dourada,Goiânia,MEDIUM,"INFERIDO, não confirmado. Mandante: Goiás (fonte: CSV (goias_is_home)). Em 1987 (Campeonato Goiano), todos os 2 jogos do Goiás como mandante com estádio confirmado foram em Estádio Serra Dourada (hist-f80-1752, hist-f80-1763).",UNKNOWN
hist-f80-1764,1987,1987-06-17,17/jun/1987,DAY,UNKNOWN,PLAYED,True,Campeonato Goiano,GOIANO,Goiano,,,Rio Verde-GO,Goiás,Rio Verde-GO,False,False,1.0,3.0,3.0,1.0,3 x 1,W,UNKNOWN,UNKNOWN,GO,Brasil,OFFICIAL_COMPETITIVE,True,HIGH,HIGH,HIGH,HIGH,LOW,Futebol80,1764,1764.0,https://www.futebol80.com.br/links/times/goias/goiasjg.htm,,,,,historical_futebol80,,,,,UNKNOWN
hist-f80-1765,1987,1987-06-21,21/jun/1987,DAY,UNKNOWN,PLAYED,True,Campeonato Goiano,GOIANO,Goiano,,,,,Goiânia-GO,,True,,,4.0,0.0,4 x 0,W,UNKNOWN,UNKNOWN,GO,Brasil,OFFICIAL_COMPETITIVE,True,HIGH,HIGH,HIGH,HIGH,LOW,Futebol80,1765,1765.0,https://www.futebol80.com.br/links/times/goias/goiasjg.htm,,,,,historical_futebol80,Estádio Serra Dourada,Goiânia,MEDIUM,"INFERIDO, não confirmado. Mandante: Goiás (fonte: FdG ficha 23418 (Goiás 4 x 0 Goiânia)). Em 1987 (Campeonato Goiano), todos os 2 jogos do Goiás como mandante com estádio confirmado foram em Estádio Serra Dourada (hist-f80-1752, hist-f80-1763).",UNKNOWN
hist-f80-1766,1987,1987-06-27,27/jun/1987,DAY,UNKNOWN,PLAYED,True,Campeonato Goiano,GOIANO,Goiano,,,Goiás,Goiatuba-GO,Goiatuba-GO,True,False,1.0,0.0,1.0,0.0,1 x 0,W,UNKNOWN,UNKNOWN,GO,Brasil,OFFICIAL_COMPETITIVE,True,HIGH,HIGH,HIGH,HIGH,LOW,Futebol80,1766,1766.0,https://www.futebol80.com.br/links/times/goias/goiasjg.htm,,,,,historical_futebol80,Estádio Serra Dourada,Goiânia,MEDIUM,"INFERIDO, não confirmado. Mandante: Goiás (fonte: CSV (goias_is_home)). Em 1987 (Campeonato Goiano), todos os 2 jogos do Goiás como mandante com estádio confirmado foram em Estádio Serra Dourada (hist-f80-1752, hist-f80-1763).",UNKNOWN
hist-f80-1767,1987,1987-07-05,05/jul/1987,DAY,UNKNOWN,PLAYED,True,Campeonato Goiano,GOIANO,Goiano,,,Ceres-GO,Goiás,Ceres-GO,False,False,1.0,1.0,1.0,1.0,1 x 1,D,UNKNOWN,UNKNOWN,GO,Brasil,OFFICIAL_COMPETITIVE,True,HIGH,HIGH,HIGH,HIGH,LOW,Futebol80,1767,1767.0,https://www.futebol80.com.br/links/times/goias/goiasjg.htm,,,,,historical_futebol80,,,,,UNKNOWN
hist-f80-1768,1987,1987-07-08,08/jul/1987,DAY,UNKNOWN,PLAYED,True,Campeonato Goiano,GOIANO,Goiano,,,Goiás,CRAC-GO,CRAC-GO,True,False,2.0,1.0,2.0,1.0,2 x 1,W,UNKNOWN,UNKNOWN,GO,Brasil,OFFICIAL_COMPETITIVE,True,HIGH,HIGH,HIGH,HIGH,LOW,Futebol80,1768,1768.0,https://www.futebol80.com.br/links/times/goias/goiasjg.htm,,,,,historical_futebol80,Estádio Serra Dourada,Goiânia,MEDIUM,"INFERIDO, não confirmado. Mandante: Goiás (fonte: CSV (goias_is_home)). Em 1987 (Campeonato Goiano), todos os 2 jogos do Goiás como mandante com estádio confirmado foram em Estádio Serra Dourada (hist-f80-1752, hist-f80-1763).",UNKNOWN
hist-f80-1769,1987,1987-07-19,19/jul/1987,DAY,UNKNOWN,PLAYED,True,Campeonato Goiano,GOIANO,Goiano,,,Anapolina-GO,Goiás,Anapolina-GO,False,False,0.0,3.0,3.0,0.0,3 x 0,W,UNKNOWN,UNKNOWN,GO,Brasil,OFFICIAL_COMPETITIVE,True,HIGH,HIGH,HIGH,HIGH,LOW,Futebol80,1769,1769.0,https://www.futebol80.com.br/links/times/goias/goiasjg.htm,,,,,historical_futebol80,,,,,UNKNOWN
hist-f80-1770,1987,1987-07-26,26/jul/1987,DAY,UNKNOWN,PLAYED,True,Campeonato Goiano,GOIANO,Goiano,,,Goiás,Itumbiara-GO,Itumbiara-GO,True,False,2.0,0.0,2.0,0.0,2 x 0,W,UNKNOWN,UNKNOWN,GO,Brasil,OFFICIAL_COMPETITIVE,True,HIGH,HIGH,HIGH,HIGH,LOW,Futebol80,1770,1770.0,https://www.futebol80.com.br/links/times/goias/goiasjg.htm,,,,,historical_futebol80,Estádio Serra Dourada,Goiânia,MEDIUM,"INFERIDO, não confirmado. Mandante: Goiás (fonte: CSV (goias_is_home)). Em 1987 (Campeonato Goiano), todos os 2 jogos do Goiás como mandante com estádio confirmado foram em Estádio Serra Dourada (hist-f80-1752, hist-f80-1763).",UNKNOWN
hist-f80-1790,1988,1988-02-27,27/fev/1988,DAY,UNKNOWN,PLAYED,True,Campeonato Goiano,GOIANO,Goiano,,,Goiás,Rio Verde-GO,Rio Verde-GO,True,False,1.0,0.0,1.0,0.0,1 x 0,W,UNKNOWN,UNKNOWN,GO,Brasil,OFFICIAL_COMPETITIVE,True,HIGH,HIGH,HIGH,HIGH,LOW,Futebol80,1790,1790.0,https://www.futebol80.com.br/links/times/goias/goiasjg.htm,,,,,historical_futebol80,Estádio Serra Dourada,Goiânia,MEDIUM,"INFERIDO, não confirmado. Mandante: Goiás (fonte: CSV (goias_is_home)). Em 1988 (Campeonato Goiano), todos os 5 jogos do Goiás como mandante com estádio confirmado foram em Estádio Serra Dourada (hist-f80-1799, hist-f80-1804, hist-f80-1814, hist-f80-1826, hist-f80-1832).",UNKNOWN
hist-f80-1791,1988,1988-03-02,02/mar/1988,DAY,UNKNOWN,PLAYED,True,Campeonato Goiano,GOIANO,Goiano,,,Jataiense-GO,Goiás,Jataiense-GO,False,False,0.0,2.0,2.0,0.0,2 x 0,W,UNKNOWN,UNKNOWN,GO,Brasil,OFFICIAL_COMPETITIVE,True,HIGH,HIGH,HIGH,HIGH,LOW,Futebol80,1791,1791.0,https://www.futebol80.com.br/links/times/goias/goiasjg.htm,,,,,historical_futebol80,,,,,UNKNOWN
hist-f80-1793,1988,1988-03-09,09/mar/1988,DAY,UNKNOWN,PLAYED,True,Campeonato Goiano,GOIANO,Goiano,,,Goiás,Santa Helena-GO,Santa Helena-GO,True,False,1.0,0.0,1.0,0.0,1 x 0,W,UNKNOWN,UNKNOWN,GO,Brasil,OFFICIAL_COMPETITIVE,True,HIGH,HIGH,HIGH,HIGH,LOW,Futebol80,1793,1793.0,https://www.futebol80.com.br/links/times/goias/goiasjg.htm,,,,,historical_futebol80,Estádio Serra Dourada,Goiânia,MEDIUM,"INFERIDO, não confirmado. Mandante: Goiás (fonte: CSV (goias_is_home)). Em 1988 (Campeonato Goiano), todos os 5 jogos do Goiás como mandante com estádio confirmado foram em Estádio Serra Dourada (hist-f80-1799, hist-f80-1804, hist-f80-1814, hist-f80-1826, hist-f80-1832).",UNKNOWN
hist-f80-1794,1988,1988-03-12,12/mar/1988,DAY,UNKNOWN,PLAYED,True,Campeonato Goiano,GOIANO,Goiano,,,Goiás,Ceres-GO,Ceres-GO,True,False,4.0,0.0,4.0,0.0,4 x 0,W,UNKNOWN,UNKNOWN,GO,Brasil,OFFICIAL_COMPETITIVE,True,HIGH,HIGH,HIGH,HIGH,LOW,Futebol80,1794,1794.0,https://www.futebol80.com.br/links/times/goias/goiasjg.htm,,,,,historical_futebol80,Estádio Serra Dourada,Goiânia,MEDIUM,"INFERIDO, não confirmado. Mandante: Goiás (fonte: CSV (goias_is_home)). Em 1988 (Campeonato Goiano), todos os 5 jogos do Goiás como mandante com estádio confirmado foram em Estádio Serra Dourada (hist-f80-1799, hist-f80-1804, hist-f80-1814, hist-f80-1826, hist-f80-1832).",UNKNOWN
hist-f80-1795,1988,1988-03-16,16/mar/1988,DAY,UNKNOWN,PLAYED,True,Campeonato Goiano,GOIANO,Goiano,,,Anápolis-GO,Goiás,Anápolis-GO,False,False,0.0,0.0,0.0,0.0,0 x 0,D,UNKNOWN,UNKNOWN,GO,Brasil,OFFICIAL_COMPETITIVE,True,HIGH,HIGH,HIGH,HIGH,LOW,Futebol80,1795,1795.0,https://www.futebol80.com.br/links/times/goias/goiasjg.htm,,,,,historical_futebol80,,,,,UNKNOWN
hist-f80-1796,1988,1988-03-19,19/mar/1988,DAY,UNKNOWN,PLAYED,True,Campeonato Goiano,GOIANO,Goiano,,,,,Goiânia-GO,,True,,,2.0,1.0,2 x 1,W,UNKNOWN,UNKNOWN,GO,Brasil,OFFICIAL_COMPETITIVE,True,HIGH,HIGH,HIGH,HIGH,LOW,Futebol80,1796,1796.0,https://www.futebol80.com.br/links/times/goias/goiasjg.htm,,,,,historical_futebol80,Estádio Serra Dourada,Goiânia,MEDIUM,"INFERIDO, não confirmado. Mandante: Goiás (fonte: FdG ficha 23497 (Goiás 2 x 1 Goiânia)). Em 1988 (Campeonato Goiano), todos os 5 jogos do Goiás como mandante com estádio confirmado foram em Estádio Serra Dourada (hist-f80-1799, hist-f80-1804, hist-f80-1814, hist-f80-1826, hist-f80-1832).",UNKNOWN
hist-f80-1798,1988,1988-03-23,23/mar/1988,DAY,UNKNOWN,PLAYED,True,Campeonato Goiano,GOIANO,Goiano,,,,,Atlético-GO,,True,,,0.0,2.0,0 x 2,L,UNKNOWN,UNKNOWN,GO,Brasil,OFFICIAL_COMPETITIVE,True,HIGH,HIGH,HIGH,HIGH,LOW,Futebol80,1798,1798.0,https://www.futebol80.com.br/links/times/goias/goiasjg.htm,,,,,historical_futebol80,Estádio Serra Dourada,Goiânia,MEDIUM,"INFERIDO, não confirmado. Mandante: Atlético-GO (fonte: FdG ficha 23504 (Atlético 2 x 0 Goiás)). Em 1988 (Campeonato Goiano), todos os 2 jogos com Atlético-GO como mandante contra o Goiás com estádio confirmado foram em Estádio Serra Dourada (hist-f80-1792, hist-f80-1830).",UNKNOWN
hist-f80-1800,1988,1988-03-30,30/mar/1988,DAY,UNKNOWN,PLAYED,True,Campeonato Goiano,GOIANO,Goiano,,,Goiatuba-GO,Goiás,Goiatuba-GO,False,False,0.0,0.0,0.0,0.0,0 x 0,D,UNKNOWN,UNKNOWN,GO,Brasil,OFFICIAL_COMPETITIVE,True,HIGH,HIGH,HIGH,HIGH,LOW,Futebol80,1800,1800.0,https://www.futebol80.com.br/links/times/goias/goiasjg.htm,,,,,historical_futebol80,,,,,UNKNOWN
hist-f80-1801,1988,1988-04-03,03/abr/1988,DAY,UNKNOWN,PLAYED,True,Campeonato Goiano,GOIANO,Goiano,,,Goiás,Goiatuba-GO,Goiatuba-GO,True,False,2.0,1.0,2.0,1.0,2 x 1,W,UNKNOWN,UNKNOWN,GO,Brasil,OFFICIAL_COMPETITIVE,True,HIGH,HIGH,HIGH,HIGH,LOW,Futebol80,1801,1801.0,https://www.futebol80.com.br/links/times/goias/goiasjg.htm,,,,,historical_futebol80,Estádio Serra Dourada,Goiânia,MEDIUM,"INFERIDO, não confirmado. Mandante: Goiás (fonte: CSV (goias_is_home)). Em 1988 (Campeonato Goiano), todos os 5 jogos do Goiás como mandante com estádio confirmado foram em Estádio Serra Dourada (hist-f80-1799, hist-f80-1804, hist-f80-1814, hist-f80-1826, hist-f80-1832).",UNKNOWN
hist-f80-1802,1988,1988-04-06,06/abr/1988,DAY,UNKNOWN,PLAYED,True,Campeonato Goiano,GOIANO,Goiano,,,Goiás,Anapolina-GO,Anapolina-GO,True,False,3.0,1.0,3.0,1.0,3 x 1,W,UNKNOWN,UNKNOWN,GO,Brasil,OFFICIAL_COMPETITIVE,True,HIGH,HIGH,HIGH,HIGH,LOW,Futebol80,1802,1802.0,https://www.futebol80.com.br/links/times/goias/goiasjg.htm,,,,,historical_futebol80,Estádio Serra Dourada,Goiânia,MEDIUM,"INFERIDO, não confirmado. Mandante: Goiás (fonte: CSV (goias_is_home)). Em 1988 (Campeonato Goiano), todos os 5 jogos do Goiás como mandante com estádio confirmado foram em Estádio Serra Dourada (hist-f80-1799, hist-f80-1804, hist-f80-1814, hist-f80-1826, hist-f80-1832).",UNKNOWN
hist-f80-1803,1988,1988-04-10,10/abr/1988,DAY,UNKNOWN,PLAYED,True,Campeonato Goiano,GOIANO,Goiano,,,Itumbiara-GO,Goiás,Itumbiara-GO,False,False,1.0,0.0,0.0,1.0,0 x 1,L,UNKNOWN,UNKNOWN,GO,Brasil,OFFICIAL_COMPETITIVE,True,HIGH,HIGH,HIGH,HIGH,LOW,Futebol80,1803,1803.0,https://www.futebol80.com.br/links/times/goias/goiasjg.htm,,,,,historical_futebol80,,,,,UNKNOWN
hist-f80-1805,1988,1988-04-20,20/abr/1988,DAY,UNKNOWN,PLAYED,True,Campeonato Goiano,GOIANO,Goiano,,,Goiás,América de Morrinhos-GO,América de Morrinhos-GO,True,False,1.0,0.0,1.0,0.0,1 x 0,W,UNKNOWN,UNKNOWN,GO,Brasil,OFFICIAL_COMPETITIVE,True,HIGH,HIGH,HIGH,HIGH,LOW,Futebol80,1805,1805.0,https://www.futebol80.com.br/links/times/goias/goiasjg.htm,,,,,historical_futebol80,Estádio Serra Dourada,Goiânia,MEDIUM,"INFERIDO, não confirmado. Mandante: Goiás (fonte: CSV (goias_is_home)). Em 1988 (Campeonato Goiano), todos os 5 jogos do Goiás como mandante com estádio confirmado foram em Estádio Serra Dourada (hist-f80-1799, hist-f80-1804, hist-f80-1814, hist-f80-1826, hist-f80-1832).",UNKNOWN
hist-f80-1806,1988,1988-04-24,24/abr/1988,DAY,UNKNOWN,PLAYED,True,Campeonato Goiano,GOIANO,Goiano,,,Novo Horizonte-GO,Goiás,Novo Horizonte-GO,False,False,0.0,0.0,0.0,0.0,0 x 0,D,UNKNOWN,UNKNOWN,GO,Brasil,OFFICIAL_COMPETITIVE,True,HIGH,HIGH,HIGH,HIGH,LOW,Futebol80,1806,1806.0,https://www.futebol80.com.br/links/times/goias/goiasjg.htm,,,,,historical_futebol80,,,,,UNKNOWN
hist-f80-1807,1988,1988-04-25,25/abr/1988,DAY,UNKNOWN,PLAYED,True,Campeonato Goiano,GOIANO,Goiano,,,Goiatuba-GO,Goiás,Goiatuba-GO,False,False,1.0,0.0,0.0,1.0,0 x 1,L,UNKNOWN,UNKNOWN,GO,Brasil,OFFICIAL_COMPETITIVE,True,HIGH,HIGH,HIGH,HIGH,LOW,Futebol80,1807,1807.0,https://www.futebol80.com.br/links/times/goias/goiasjg.htm,,,,,historical_futebol80,,,,,UNKNOWN
hist-f80-1808,1988,1988-04-28,28/abr/1988,DAY,UNKNOWN,PLAYED,True,Campeonato Goiano,GOIANO,Goiano,,,Goiás,Anápolis-GO,Anápolis-GO,True,False,3.0,1.0,3.0,1.0,3 x 1,W,UNKNOWN,UNKNOWN,GO,Brasil,OFFICIAL_COMPETITIVE,True,HIGH,HIGH,HIGH,HIGH,LOW,Futebol80,1808,1808.0,https://www.futebol80.com.br/links/times/goias/goiasjg.htm,,,,,historical_futebol80,Estádio Serra Dourada,Goiânia,MEDIUM,"INFERIDO, não confirmado. Mandante: Goiás (fonte: CSV (goias_is_home)). Em 1988 (Campeonato Goiano), todos os 5 jogos do Goiás como mandante com estádio confirmado foram em Estádio Serra Dourada (hist-f80-1799, hist-f80-1804, hist-f80-1814, hist-f80-1826, hist-f80-1832).",UNKNOWN
hist-f80-1809,1988,1988-05-01,01/mai/1988,DAY,UNKNOWN,PLAYED,True,Campeonato Goiano,GOIANO,Goiano,,,Anápolis-GO,Goiás,Anápolis-GO,False,False,0.0,0.0,0.0,0.0,0 x 0,D,UNKNOWN,UNKNOWN,GO,Brasil,OFFICIAL_COMPETITIVE,True,HIGH,HIGH,HIGH,HIGH,LOW,Futebol80,1809,1809.0,https://www.futebol80.com.br/links/times/goias/goiasjg.htm,,,,,historical_futebol80,,,,,UNKNOWN
hist-f80-1810,1988,1988-05-04,04/mai/1988,DAY,UNKNOWN,PLAYED,True,Campeonato Goiano,GOIANO,Goiano,,,Goiás,Goiatuba-GO,Goiatuba-GO,True,False,0.0,0.0,0.0,0.0,0 x 0,D,UNKNOWN,UNKNOWN,GO,Brasil,OFFICIAL_COMPETITIVE,True,HIGH,HIGH,HIGH,HIGH,LOW,Futebol80,1810,1810.0,https://www.futebol80.com.br/links/times/goias/goiasjg.htm,,,,,historical_futebol80,Estádio Serra Dourada,Goiânia,MEDIUM,"INFERIDO, não confirmado. Mandante: Goiás (fonte: CSV (goias_is_home)). Em 1988 (Campeonato Goiano), todos os 5 jogos do Goiás como mandante com estádio confirmado foram em Estádio Serra Dourada (hist-f80-1799, hist-f80-1804, hist-f80-1814, hist-f80-1826, hist-f80-1832).",UNKNOWN
hist-f80-1811,1988,1988-05-08,08/mai/1988,DAY,UNKNOWN,PLAYED,True,Campeonato Goiano,GOIANO,Goiano,,,Goiatuba-GO,Goiás,Goiatuba-GO,False,False,2.0,2.0,2.0,2.0,2 x 2,D,UNKNOWN,UNKNOWN,GO,Brasil,OFFICIAL_COMPETITIVE,True,HIGH,HIGH,HIGH,HIGH,LOW,Futebol80,1811,1811.0,https://www.futebol80.com.br/links/times/goias/goiasjg.htm,,,,,historical_futebol80,,,,,UNKNOWN
hist-f80-1812,1988,1988-05-11,11/mai/1988,DAY,UNKNOWN,PLAYED,True,Campeonato Goiano,GOIANO,Goiano,,,Goiás,Jataiense-GO,Jataiense-GO,True,False,12.0,0.0,12.0,0.0,12 x 0,W,UNKNOWN,UNKNOWN,GO,Brasil,OFFICIAL_COMPETITIVE,True,HIGH,HIGH,HIGH,HIGH,LOW,Futebol80,1812,1812.0,https://www.futebol80.com.br/links/times/goias/goiasjg.htm,,,,,historical_futebol80,Estádio Serra Dourada,Goiânia,MEDIUM,"INFERIDO, não confirmado. Mandante: Goiás (fonte: CSV (goias_is_home)). Em 1988 (Campeonato Goiano), todos os 5 jogos do Goiás como mandante com estádio confirmado foram em Estádio Serra Dourada (hist-f80-1799, hist-f80-1804, hist-f80-1814, hist-f80-1826, hist-f80-1832).",UNKNOWN
hist-f80-1813,1988,1988-05-15,15/mai/1988,DAY,UNKNOWN,PLAYED,True,Campeonato Goiano,GOIANO,Goiano,,,Santa Helena-GO,Goiás,Santa Helena-GO,False,False,0.0,1.0,1.0,0.0,1 x 0,W,UNKNOWN,UNKNOWN,GO,Brasil,OFFICIAL_COMPETITIVE,True,HIGH,HIGH,HIGH,HIGH,LOW,Futebol80,1813,1813.0,https://www.futebol80.com.br/links/times/goias/goiasjg.htm,,,,,historical_futebol80,,,,,UNKNOWN
hist-f80-1815,1988,1988-05-25,25/mai/1988,DAY,UNKNOWN,PLAYED,True,Campeonato Goiano,GOIANO,Goiano,,,Goiás,Anápolis-GO,Anápolis-GO,True,False,1.0,0.0,1.0,0.0,1 x 0,W,UNKNOWN,UNKNOWN,GO,Brasil,OFFICIAL_COMPETITIVE,True,HIGH,HIGH,HIGH,HIGH,LOW,Futebol80,1815,1815.0,https://www.futebol80.com.br/links/times/goias/goiasjg.htm,,,,,historical_futebol80,Estádio Serra Dourada,Goiânia,MEDIUM,"INFERIDO, não confirmado. Mandante: Goiás (fonte: CSV (goias_is_home)). Em 1988 (Campeonato Goiano), todos os 5 jogos do Goiás como mandante com estádio confirmado foram em Estádio Serra Dourada (hist-f80-1799, hist-f80-1804, hist-f80-1814, hist-f80-1826, hist-f80-1832).",UNKNOWN
hist-f80-1816,1988,1988-05-29,29/mai/1988,DAY,UNKNOWN,PLAYED,True,Campeonato Goiano,GOIANO,Goiano,,,Ceres-GO,Goiás,Ceres-GO,False,False,1.0,2.0,2.0,1.0,2 x 1,W,UNKNOWN,UNKNOWN,GO,Brasil,OFFICIAL_COMPETITIVE,True,HIGH,HIGH,HIGH,HIGH,LOW,Futebol80,1816,1816.0,https://www.futebol80.com.br/links/times/goias/goiasjg.htm,,,,,historical_futebol80,,,,,UNKNOWN
hist-f80-1817,1988,1988-06-05,05/jun/1988,DAY,UNKNOWN,PLAYED,True,Campeonato Goiano,GOIANO,Goiano,,,Rio Verde-GO,Goiás,Rio Verde-GO,False,False,2.0,4.0,4.0,2.0,4 x 2,W,UNKNOWN,UNKNOWN,GO,Brasil,OFFICIAL_COMPETITIVE,True,HIGH,HIGH,HIGH,HIGH,LOW,Futebol80,1817,1817.0,https://www.futebol80.com.br/links/times/goias/goiasjg.htm,,,,,historical_futebol80,,,,,UNKNOWN
hist-f80-1818,1988,1988-06-12,12/jun/1988,DAY,UNKNOWN,PLAYED,True,Campeonato Goiano,GOIANO,Goiano,,,,,Goiânia-GO,,True,,,3.0,0.0,3 x 0,W,UNKNOWN,UNKNOWN,GO,Brasil,OFFICIAL_COMPETITIVE,True,HIGH,HIGH,HIGH,HIGH,LOW,Futebol80,1818,1818.0,https://www.futebol80.com.br/links/times/goias/goiasjg.htm,,,,,historical_futebol80,Estádio Serra Dourada,Goiânia,MEDIUM,"INFERIDO, não confirmado. Mandante: Goiás (fonte: FdG ficha 23602 (Goiás 3 x 0 Goiânia)). Em 1988 (Campeonato Goiano), todos os 5 jogos do Goiás como mandante com estádio confirmado foram em Estádio Serra Dourada (hist-f80-1799, hist-f80-1804, hist-f80-1814, hist-f80-1826, hist-f80-1832).",UNKNOWN
hist-f80-1819,1988,1988-06-15,15/jun/1988,DAY,UNKNOWN,PLAYED,True,Campeonato Goiano,GOIANO,Goiano,,,,,Goiânia-GO,,True,,,4.0,0.0,4 x 0,W,UNKNOWN,UNKNOWN,GO,Brasil,OFFICIAL_COMPETITIVE,True,HIGH,HIGH,HIGH,HIGH,LOW,Futebol80,1819,1819.0,https://www.futebol80.com.br/links/times/goias/goiasjg.htm,,,,,historical_futebol80,,,,,UNKNOWN
hist-f80-1820,1988,1988-06-19,19/jun/1988,DAY,UNKNOWN,PLAYED,True,Campeonato Goiano,GOIANO,Goiano,,,,,Goiânia-GO,,True,,,2.0,0.0,2 x 0,W,UNKNOWN,UNKNOWN,GO,Brasil,OFFICIAL_COMPETITIVE,True,HIGH,HIGH,HIGH,HIGH,LOW,Futebol80,1820,1820.0,https://www.futebol80.com.br/links/times/goias/goiasjg.htm,,,,,historical_futebol80,Estádio Serra Dourada,Goiânia,MEDIUM,"INFERIDO, não confirmado. Mandante: Goiás (fonte: FdG ficha 23611 (Goiás 2 x 0 Goiânia)). Em 1988 (Campeonato Goiano), todos os 5 jogos do Goiás como mandante com estádio confirmado foram em Estádio Serra Dourada (hist-f80-1799, hist-f80-1804, hist-f80-1814, hist-f80-1826, hist-f80-1832).",UNKNOWN
hist-f80-1821,1988,1988-06-22,22/jun/1988,DAY,UNKNOWN,PLAYED,True,Campeonato Goiano,GOIANO,Goiano,,,Goiatuba-GO,Goiás,Goiatuba-GO,False,False,1.0,1.0,1.0,1.0,1 x 1,D,UNKNOWN,UNKNOWN,GO,Brasil,OFFICIAL_COMPETITIVE,True,HIGH,HIGH,HIGH,HIGH,LOW,Futebol80,1821,1821.0,https://www.futebol80.com.br/links/times/goias/goiasjg.htm,,,,,historical_futebol80,,,,,UNKNOWN
hist-f80-1822,1988,1988-06-26,26/jun/1988,DAY,UNKNOWN,PLAYED,True,Campeonato Goiano,GOIANO,Goiano,,,Goiás,Goiatuba-GO,Goiatuba-GO,True,False,1.0,0.0,1.0,0.0,1 x 0,W,UNKNOWN,UNKNOWN,GO,Brasil,OFFICIAL_COMPETITIVE,True,HIGH,HIGH,HIGH,HIGH,LOW,Futebol80,1822,1822.0,https://www.futebol80.com.br/links/times/goias/goiasjg.htm,,,,,historical_futebol80,Estádio Serra Dourada,Goiânia,MEDIUM,"INFERIDO, não confirmado. Mandante: Goiás (fonte: CSV (goias_is_home)). Em 1988 (Campeonato Goiano), todos os 5 jogos do Goiás como mandante com estádio confirmado foram em Estádio Serra Dourada (hist-f80-1799, hist-f80-1804, hist-f80-1814, hist-f80-1826, hist-f80-1832).",UNKNOWN
hist-f80-1823,1988,1988-06-29,29/jun/1988,DAY,UNKNOWN,PLAYED,True,Campeonato Goiano,GOIANO,Goiano,,,Goiás,Itumbiara-GO,Itumbiara-GO,True,False,3.0,1.0,3.0,1.0,3 x 1,W,UNKNOWN,UNKNOWN,GO,Brasil,OFFICIAL_COMPETITIVE,True,HIGH,HIGH,HIGH,HIGH,LOW,Futebol80,1823,1823.0,https://www.futebol80.com.br/links/times/goias/goiasjg.htm,,,,,historical_futebol80,Estádio Serra Dourada,Goiânia,MEDIUM,"INFERIDO, não confirmado. Mandante: Goiás (fonte: CSV (goias_is_home)). Em 1988 (Campeonato Goiano), todos os 5 jogos do Goiás como mandante com estádio confirmado foram em Estádio Serra Dourada (hist-f80-1799, hist-f80-1804, hist-f80-1814, hist-f80-1826, hist-f80-1832).",UNKNOWN
hist-f80-1824,1988,1988-07-03,03/jul/1988,DAY,UNKNOWN,PLAYED,True,Campeonato Goiano,GOIANO,Goiano,,,América de Morrinhos-GO,Goiás,América de Morrinhos-GO,False,False,1.0,0.0,0.0,1.0,0 x 1,L,UNKNOWN,UNKNOWN,GO,Brasil,OFFICIAL_COMPETITIVE,True,HIGH,HIGH,HIGH,HIGH,LOW,Futebol80,1824,1824.0,https://www.futebol80.com.br/links/times/goias/goiasjg.htm,,,,,historical_futebol80,,,,,UNKNOWN
hist-f80-1825,1988,1988-07-06,06/jul/1988,DAY,UNKNOWN,PLAYED,True,Campeonato Goiano,GOIANO,Goiano,,,Goiás,Goiatuba-GO,Goiatuba-GO,True,False,0.0,1.0,0.0,1.0,0 x 1,L,UNKNOWN,UNKNOWN,GO,Brasil,OFFICIAL_COMPETITIVE,True,HIGH,HIGH,HIGH,HIGH,LOW,Futebol80,1825,1825.0,https://www.futebol80.com.br/links/times/goias/goiasjg.htm,,,,,historical_futebol80,Estádio Serra Dourada,Goiânia,MEDIUM,"INFERIDO, não confirmado. Mandante: Goiás (fonte: CSV (goias_is_home)). Em 1988 (Campeonato Goiano), todos os 5 jogos do Goiás como mandante com estádio confirmado foram em Estádio Serra Dourada (hist-f80-1799, hist-f80-1804, hist-f80-1814, hist-f80-1826, hist-f80-1832).",UNKNOWN
hist-f80-1827,1988,1988-07-14,14/jul/1988,DAY,UNKNOWN,PLAYED,True,Campeonato Goiano,GOIANO,Goiano,,,Goiás,Novo Horizonte-GO,Novo Horizonte-GO,True,False,1.0,0.0,1.0,0.0,1 x 0,W,UNKNOWN,UNKNOWN,GO,Brasil,OFFICIAL_COMPETITIVE,True,HIGH,HIGH,HIGH,HIGH,LOW,Futebol80,1827,1827.0,https://www.futebol80.com.br/links/times/goias/goiasjg.htm,,,,,historical_futebol80,Estádio Serra Dourada,Goiânia,MEDIUM,"INFERIDO, não confirmado. Mandante: Goiás (fonte: CSV (goias_is_home)). Em 1988 (Campeonato Goiano), todos os 5 jogos do Goiás como mandante com estádio confirmado foram em Estádio Serra Dourada (hist-f80-1799, hist-f80-1804, hist-f80-1814, hist-f80-1826, hist-f80-1832).",UNKNOWN
hist-f80-1828,1988,1988-07-17,17/jul/1988,DAY,UNKNOWN,PLAYED,True,Campeonato Goiano,GOIANO,Goiano,,,Anapolina-GO,Goiás,Anapolina-GO,False,False,1.0,1.0,1.0,1.0,1 x 1,D,UNKNOWN,UNKNOWN,GO,Brasil,OFFICIAL_COMPETITIVE,True,HIGH,HIGH,HIGH,HIGH,LOW,Futebol80,1828,1828.0,https://www.futebol80.com.br/links/times/goias/goiasjg.htm,,,,,historical_futebol80,,,,,UNKNOWN
hist-f80-1829,1988,1988-08-03,03/ago/1988,DAY,UNKNOWN,PLAYED,True,Campeonato Goiano,GOIANO,Goiano,,,Goiás,Anápolis-GO,Anápolis-GO,True,False,1.0,1.0,1.0,1.0,1 x 1,D,UNKNOWN,UNKNOWN,GO,Brasil,OFFICIAL_COMPETITIVE,True,HIGH,HIGH,HIGH,HIGH,LOW,Futebol80,1829,1829.0,https://www.futebol80.com.br/links/times/goias/goiasjg.htm,,,,,historical_futebol80,Estádio Serra Dourada,Goiânia,MEDIUM,"INFERIDO, não confirmado. Mandante: Goiás (fonte: CSV (goias_is_home)). Em 1988 (Campeonato Goiano), todos os 5 jogos do Goiás como mandante com estádio confirmado foram em Estádio Serra Dourada (hist-f80-1799, hist-f80-1804, hist-f80-1814, hist-f80-1826, hist-f80-1832).",UNKNOWN
hist-f80-1831,1988,1988-08-10,10/ago/1988,DAY,UNKNOWN,PLAYED,True,Campeonato Goiano,GOIANO,Goiano,,,Goiatuba-GO,Goiás,Goiatuba-GO,False,False,1.0,2.0,2.0,1.0,2 x 1,W,UNKNOWN,UNKNOWN,GO,Brasil,OFFICIAL_COMPETITIVE,True,HIGH,HIGH,HIGH,HIGH,LOW,Futebol80,1831,1831.0,https://www.futebol80.com.br/links/times/goias/goiasjg.htm,,,,,historical_futebol80,,,,,UNKNOWN
hist-f80-1833,1988,1988-08-17,17/ago/1988,DAY,UNKNOWN,PLAYED,True,Campeonato Goiano,GOIANO,Goiano,,,Anápolis-GO,Goiás,Anápolis-GO,False,False,1.0,1.0,1.0,1.0,1 x 1,D,UNKNOWN,UNKNOWN,GO,Brasil,OFFICIAL_COMPETITIVE,True,HIGH,HIGH,HIGH,HIGH,LOW,Futebol80,1833,1833.0,https://www.futebol80.com.br/links/times/goias/goiasjg.htm,,,,,historical_futebol80,,,,,UNKNOWN
hist-f80-1834,1988,1988-08-21,21/ago/1988,DAY,UNKNOWN,PLAYED,True,Campeonato Goiano,GOIANO,Goiano,,,Goiás,Goiatuba-GO,Goiatuba-GO,True,False,3.0,0.0,3.0,0.0,3 x 0,W,UNKNOWN,UNKNOWN,GO,Brasil,OFFICIAL_COMPETITIVE,True,HIGH,HIGH,HIGH,HIGH,LOW,Futebol80,1834,1834.0,https://www.futebol80.com.br/links/times/goias/goiasjg.htm,,,,,historical_futebol80,Estádio Serra Dourada,Goiânia,MEDIUM,"INFERIDO, não confirmado. Mandante: Goiás (fonte: CSV (goias_is_home)). Em 1988 (Campeonato Goiano), todos os 5 jogos do Goiás como mandante com estádio confirmado foram em Estádio Serra Dourada (hist-f80-1799, hist-f80-1804, hist-f80-1814, hist-f80-1826, hist-f80-1832).",UNKNOWN
hist-f80-1860,1989,1989-02-26,26/fev/1989,DAY,UNKNOWN,PLAYED,True,Campeonato Goiano,GOIANO,Goiano,,,Quirinópolis-GO,Goiás,Quirinópolis-GO,False,False,0.0,0.0,0.0,0.0,0 x 0,D,UNKNOWN,UNKNOWN,GO,Brasil,OFFICIAL_COMPETITIVE,True,HIGH,HIGH,HIGH,HIGH,LOW,Futebol80,1860,1860.0,https://www.futebol80.com.br/links/times/goias/goiasjg.htm,,,,,historical_futebol80,,,,,UNKNOWN
hist-f80-1861,1989,1989-03-05,05/mar/1989,DAY,UNKNOWN,PLAYED,True,Campeonato Goiano,GOIANO,Goiano,,,Goiás,Goiatuba-GO,Goiatuba-GO,True,False,0.0,0.0,0.0,0.0,0 x 0,D,UNKNOWN,UNKNOWN,GO,Brasil,OFFICIAL_COMPETITIVE,True,HIGH,HIGH,HIGH,HIGH,LOW,Futebol80,1861,1861.0,https://www.futebol80.com.br/links/times/goias/goiasjg.htm,,,,,historical_futebol80,Estádio Serra Dourada,Goiânia,MEDIUM,"INFERIDO, não confirmado. Mandante: Goiás (fonte: CSV (goias_is_home)). Em 1989 (Campeonato Goiano), todos os 8 jogos do Goiás como mandante com estádio confirmado foram em Estádio Serra Dourada (hist-f80-1869, hist-f80-1872, hist-f80-1876, hist-f80-1879, hist-f80-1886, hist-f80-1896, hist-f80-1904, hist-f80-1906).",UNKNOWN
hist-f80-1862,1989,1989-03-08,08/mar/1989,DAY,UNKNOWN,PLAYED,True,Campeonato Goiano,GOIANO,Goiano,,,Goiás,América de Morrinhos-GO,América de Morrinhos-GO,True,False,3.0,1.0,3.0,1.0,3 x 1,W,UNKNOWN,UNKNOWN,GO,Brasil,OFFICIAL_COMPETITIVE,True,HIGH,HIGH,HIGH,HIGH,LOW,Futebol80,1862,1862.0,https://www.futebol80.com.br/links/times/goias/goiasjg.htm,,,,,historical_futebol80,Estádio Serra Dourada,Goiânia,MEDIUM,"INFERIDO, não confirmado. Mandante: Goiás (fonte: CSV (goias_is_home)). Em 1989 (Campeonato Goiano), todos os 8 jogos do Goiás como mandante com estádio confirmado foram em Estádio Serra Dourada (hist-f80-1869, hist-f80-1872, hist-f80-1876, hist-f80-1879, hist-f80-1886, hist-f80-1896, hist-f80-1904, hist-f80-1906).",UNKNOWN
hist-f80-1863,1989,1989-03-12,12/mar/1989,DAY,UNKNOWN,PLAYED,True,Campeonato Goiano,GOIANO,Goiano,,,Mineiros-GO,Goiás,Mineiros-GO,False,False,1.0,0.0,0.0,1.0,0 x 1,L,UNKNOWN,UNKNOWN,GO,Brasil,OFFICIAL_COMPETITIVE,True,HIGH,HIGH,HIGH,HIGH,LOW,Futebol80,1863,1863.0,https://www.futebol80.com.br/links/times/goias/goiasjg.htm,,,,,historical_futebol80,,,,,UNKNOWN
hist-f80-1864,1989,1989-03-18,18/mar/1989,DAY,UNKNOWN,PLAYED,True,Campeonato Goiano,GOIANO,Goiano,,,Goiás,Santa Helena-GO,Santa Helena-GO,True,False,1.0,0.0,1.0,0.0,1 x 0,W,UNKNOWN,UNKNOWN,GO,Brasil,OFFICIAL_COMPETITIVE,True,HIGH,HIGH,HIGH,HIGH,LOW,Futebol80,1864,1864.0,https://www.futebol80.com.br/links/times/goias/goiasjg.htm,,,,,historical_futebol80,Estádio Serra Dourada,Goiânia,MEDIUM,"INFERIDO, não confirmado. Mandante: Goiás (fonte: CSV (goias_is_home)). Em 1989 (Campeonato Goiano), todos os 8 jogos do Goiás como mandante com estádio confirmado foram em Estádio Serra Dourada (hist-f80-1869, hist-f80-1872, hist-f80-1876, hist-f80-1879, hist-f80-1886, hist-f80-1896, hist-f80-1904, hist-f80-1906).",UNKNOWN
hist-f80-1865,1989,1989-03-22,22/mar/1989,DAY,UNKNOWN,PLAYED,True,Campeonato Goiano,GOIANO,Goiano,,,Goiás,Anápolis-GO,Anápolis-GO,True,False,1.0,0.0,1.0,0.0,1 x 0,W,UNKNOWN,UNKNOWN,GO,Brasil,OFFICIAL_COMPETITIVE,True,HIGH,HIGH,HIGH,HIGH,LOW,Futebol80,1865,1865.0,https://www.futebol80.com.br/links/times/goias/goiasjg.htm,,,,,historical_futebol80,Estádio Serra Dourada,Goiânia,MEDIUM,"INFERIDO, não confirmado. Mandante: Goiás (fonte: CSV (goias_is_home)). Em 1989 (Campeonato Goiano), todos os 8 jogos do Goiás como mandante com estádio confirmado foram em Estádio Serra Dourada (hist-f80-1869, hist-f80-1872, hist-f80-1876, hist-f80-1879, hist-f80-1886, hist-f80-1896, hist-f80-1904, hist-f80-1906).",UNKNOWN
hist-f80-1866,1989,1989-03-26,26/mar/1989,DAY,UNKNOWN,PLAYED,True,Campeonato Goiano,GOIANO,Goiano,,,,,Goiânia-GO,,True,,,4.0,0.0,4 x 0,W,UNKNOWN,UNKNOWN,GO,Brasil,OFFICIAL_COMPETITIVE,True,HIGH,HIGH,HIGH,HIGH,LOW,Futebol80,1866,1866.0,https://www.futebol80.com.br/links/times/goias/goiasjg.htm,,,,,historical_futebol80,Estádio Serra Dourada,Goiânia,MEDIUM,"INFERIDO, não confirmado. Mandante: Goiás (fonte: FdG ficha 23721 (Goiás 4 x 0 Goiânia)). Em 1989 (Campeonato Goiano), todos os 8 jogos do Goiás como mandante com estádio confirmado foram em Estádio Serra Dourada (hist-f80-1869, hist-f80-1872, hist-f80-1876, hist-f80-1879, hist-f80-1886, hist-f80-1896, hist-f80-1904, hist-f80-1906).",UNKNOWN
hist-f80-1867,1989,1989-04-02,02/abr/1989,DAY,UNKNOWN,PLAYED,True,Campeonato Goiano,GOIANO,Goiano,,,Ceres-GO,Goiás,Ceres-GO,False,False,1.0,0.0,0.0,1.0,0 x 1,L,UNKNOWN,UNKNOWN,GO,Brasil,OFFICIAL_COMPETITIVE,True,HIGH,HIGH,HIGH,HIGH,LOW,Futebol80,1867,1867.0,https://www.futebol80.com.br/links/times/goias/goiasjg.htm,,,,,historical_futebol80,,,,,UNKNOWN
hist-f80-1868,1989,1989-04-05,05/abr/1989,DAY,UNKNOWN,PLAYED,True,Campeonato Goiano,GOIANO,Goiano,,,Goiás,Anapolina-GO,Anapolina-GO,True,False,2.0,1.0,2.0,1.0,2 x 1,W,UNKNOWN,UNKNOWN,GO,Brasil,OFFICIAL_COMPETITIVE,True,HIGH,HIGH,HIGH,HIGH,LOW,Futebol80,1868,1868.0,https://www.futebol80.com.br/links/times/goias/goiasjg.htm,,,,,historical_futebol80,Estádio Serra Dourada,Goiânia,MEDIUM,"INFERIDO, não confirmado. Mandante: Goiás (fonte: CSV (goias_is_home)). Em 1989 (Campeonato Goiano), todos os 8 jogos do Goiás como mandante com estádio confirmado foram em Estádio Serra Dourada (hist-f80-1869, hist-f80-1872, hist-f80-1876, hist-f80-1879, hist-f80-1886, hist-f80-1896, hist-f80-1904, hist-f80-1906).",UNKNOWN
hist-f80-1870,1989,1989-04-13,13/abr/1989,DAY,UNKNOWN,PLAYED,True,Campeonato Goiano,GOIANO,Goiano,,,Itumbiara-GO,Goiás,Itumbiara-GO,False,False,2.0,0.0,0.0,2.0,0 x 2,L,UNKNOWN,UNKNOWN,GO,Brasil,OFFICIAL_COMPETITIVE,True,HIGH,HIGH,HIGH,HIGH,LOW,Futebol80,1870,1870.0,https://www.futebol80.com.br/links/times/goias/goiasjg.htm,,,,,historical_futebol80,,,,,UNKNOWN
hist-f80-1871,1989,1989-04-16,16/abr/1989,DAY,UNKNOWN,PLAYED,True,Campeonato Goiano,GOIANO,Goiano,,,Novo Horizonte-GO,Goiás,Novo Horizonte-GO,False,False,0.0,0.0,0.0,0.0,0 x 0,D,UNKNOWN,UNKNOWN,GO,Brasil,OFFICIAL_COMPETITIVE,True,HIGH,HIGH,HIGH,HIGH,LOW,Futebol80,1871,1871.0,https://www.futebol80.com.br/links/times/goias/goiasjg.htm,,,,,historical_futebol80,,,,,UNKNOWN
hist-f80-1873,1989,1989-04-30,30/abr/1989,DAY,UNKNOWN,PLAYED,True,Campeonato Goiano,GOIANO,Goiano,,,Anápolis-GO,Goiás,Anápolis-GO,False,False,0.0,1.0,1.0,0.0,1 x 0,W,UNKNOWN,UNKNOWN,GO,Brasil,OFFICIAL_COMPETITIVE,True,HIGH,HIGH,HIGH,HIGH,LOW,Futebol80,1873,1873.0,https://www.futebol80.com.br/links/times/goias/goiasjg.htm,,,,,historical_futebol80,,,,,UNKNOWN
hist-f80-1874,1989,1989-05-04,04/mai/1989,DAY,UNKNOWN,PLAYED,True,Campeonato Goiano,GOIANO,Goiano,,,Goiás,Mineiros-GO,Mineiros-GO,True,False,3.0,1.0,3.0,1.0,3 x 1,W,UNKNOWN,UNKNOWN,GO,Brasil,OFFICIAL_COMPETITIVE,True,HIGH,HIGH,HIGH,HIGH,LOW,Futebol80,1874,1874.0,https://www.futebol80.com.br/links/times/goias/goiasjg.htm,,,,,historical_futebol80,Estádio Serra Dourada,Goiânia,MEDIUM,"INFERIDO, não confirmado. Mandante: Goiás (fonte: CSV (goias_is_home)). Em 1989 (Campeonato Goiano), todos os 8 jogos do Goiás como mandante com estádio confirmado foram em Estádio Serra Dourada (hist-f80-1869, hist-f80-1872, hist-f80-1876, hist-f80-1879, hist-f80-1886, hist-f80-1896, hist-f80-1904, hist-f80-1906).",UNKNOWN
hist-f80-1875,1989,1989-05-07,07/mai/1989,DAY,UNKNOWN,PLAYED,True,Campeonato Goiano,GOIANO,Goiano,,,América de Morrinhos-GO,Goiás,América de Morrinhos-GO,False,False,0.0,1.0,1.0,0.0,1 x 0,W,UNKNOWN,UNKNOWN,GO,Brasil,OFFICIAL_COMPETITIVE,True,HIGH,HIGH,HIGH,HIGH,LOW,Futebol80,1875,1875.0,https://www.futebol80.com.br/links/times/goias/goiasjg.htm,,,,,historical_futebol80,,,,,UNKNOWN
hist-f80-1877,1989,1989-05-17,17/mai/1989,DAY,UNKNOWN,PLAYED,True,Campeonato Goiano,GOIANO,Goiano,,,Goiás,Ceres-GO,Ceres-GO,True,False,2.0,1.0,2.0,1.0,2 x 1,W,UNKNOWN,UNKNOWN,GO,Brasil,OFFICIAL_COMPETITIVE,True,HIGH,HIGH,HIGH,HIGH,LOW,Futebol80,1877,1877.0,https://www.futebol80.com.br/links/times/goias/goiasjg.htm,,,,,historical_futebol80,Estádio Serra Dourada,Goiânia,MEDIUM,"INFERIDO, não confirmado. Mandante: Goiás (fonte: CSV (goias_is_home)). Em 1989 (Campeonato Goiano), todos os 8 jogos do Goiás como mandante com estádio confirmado foram em Estádio Serra Dourada (hist-f80-1869, hist-f80-1872, hist-f80-1876, hist-f80-1879, hist-f80-1886, hist-f80-1896, hist-f80-1904, hist-f80-1906).",UNKNOWN
hist-f80-1878,1989,1989-05-21,21/mai/1989,DAY,UNKNOWN,PLAYED,True,Campeonato Goiano,GOIANO,Goiano,,,Anapolina-GO,Goiás,Anapolina-GO,False,False,0.0,1.0,1.0,0.0,1 x 0,W,UNKNOWN,UNKNOWN,GO,Brasil,OFFICIAL_COMPETITIVE,True,HIGH,HIGH,HIGH,HIGH,LOW,Futebol80,1878,1878.0,https://www.futebol80.com.br/links/times/goias/goiasjg.htm,,,,,historical_futebol80,,,,,UNKNOWN
hist-f80-1880,1989,1989-06-01,01/jun/1989,DAY,UNKNOWN,PLAYED,True,Campeonato Goiano,GOIANO,Goiano,,,Goiás,Quirinópolis-GO,Quirinópolis-GO,True,False,4.0,0.0,4.0,0.0,4 x 0,W,UNKNOWN,UNKNOWN,GO,Brasil,OFFICIAL_COMPETITIVE,True,HIGH,HIGH,HIGH,HIGH,LOW,Futebol80,1880,1880.0,https://www.futebol80.com.br/links/times/goias/goiasjg.htm,,,,,historical_futebol80,Estádio Serra Dourada,Goiânia,MEDIUM,"INFERIDO, não confirmado. Mandante: Goiás (fonte: CSV (goias_is_home)). Em 1989 (Campeonato Goiano), todos os 8 jogos do Goiás como mandante com estádio confirmado foram em Estádio Serra Dourada (hist-f80-1869, hist-f80-1872, hist-f80-1876, hist-f80-1879, hist-f80-1886, hist-f80-1896, hist-f80-1904, hist-f80-1906).",UNKNOWN
hist-f80-1881,1989,1989-06-04,04/jun/1989,DAY,UNKNOWN,PLAYED,True,Campeonato Goiano,GOIANO,Goiano,,,Goiás,Itumbiara-GO,Itumbiara-GO,True,False,6.0,0.0,6.0,0.0,6 x 0,W,UNKNOWN,UNKNOWN,GO,Brasil,OFFICIAL_COMPETITIVE,True,HIGH,HIGH,HIGH,HIGH,LOW,Futebol80,1881,1881.0,https://www.futebol80.com.br/links/times/goias/goiasjg.htm,,,,,historical_futebol80,Estádio Serra Dourada,Goiânia,MEDIUM,"INFERIDO, não confirmado. Mandante: Goiás (fonte: CSV (goias_is_home)). Em 1989 (Campeonato Goiano), todos os 8 jogos do Goiás como mandante com estádio confirmado foram em Estádio Serra Dourada (hist-f80-1869, hist-f80-1872, hist-f80-1876, hist-f80-1879, hist-f80-1886, hist-f80-1896, hist-f80-1904, hist-f80-1906).",UNKNOWN
hist-f80-1882,1989,1989-06-11,11/jun/1989,DAY,UNKNOWN,PLAYED,True,Campeonato Goiano,GOIANO,Goiano,,,Goiatuba-GO,Goiás,Goiatuba-GO,False,False,0.0,0.0,0.0,0.0,0 x 0,D,UNKNOWN,UNKNOWN,GO,Brasil,OFFICIAL_COMPETITIVE,True,HIGH,HIGH,HIGH,HIGH,LOW,Futebol80,1882,1882.0,https://www.futebol80.com.br/links/times/goias/goiasjg.htm,,,,,historical_futebol80,,,,,UNKNOWN
hist-f80-1883,1989,1989-06-14,14/jun/1989,DAY,UNKNOWN,PLAYED,True,Campeonato Goiano,GOIANO,Goiano,,,Goiás,Novo Horizonte-GO,Novo Horizonte-GO,True,False,1.0,0.0,1.0,0.0,1 x 0,W,UNKNOWN,UNKNOWN,GO,Brasil,OFFICIAL_COMPETITIVE,True,HIGH,HIGH,HIGH,HIGH,LOW,Futebol80,1883,1883.0,https://www.futebol80.com.br/links/times/goias/goiasjg.htm,,,,,historical_futebol80,Estádio Serra Dourada,Goiânia,MEDIUM,"INFERIDO, não confirmado. Mandante: Goiás (fonte: CSV (goias_is_home)). Em 1989 (Campeonato Goiano), todos os 8 jogos do Goiás como mandante com estádio confirmado foram em Estádio Serra Dourada (hist-f80-1869, hist-f80-1872, hist-f80-1876, hist-f80-1879, hist-f80-1886, hist-f80-1896, hist-f80-1904, hist-f80-1906).",UNKNOWN
hist-f80-1884,1989,1989-06-18,18/jun/1989,DAY,UNKNOWN,PLAYED,True,Campeonato Goiano,GOIANO,Goiano,,,,,Goiânia-GO,,True,,,1.0,1.0,1 x 1,D,UNKNOWN,UNKNOWN,GO,Brasil,OFFICIAL_COMPETITIVE,True,HIGH,HIGH,HIGH,HIGH,LOW,Futebol80,1884,1884.0,https://www.futebol80.com.br/links/times/goias/goiasjg.htm,,,,,historical_futebol80,Estádio Serra Dourada,Goiânia,MEDIUM,"INFERIDO, não confirmado. Mandante: Goiás (fonte: FdG ficha 23848 (Goiás 1 x 1 Goiânia)). Em 1989 (Campeonato Goiano), todos os 8 jogos do Goiás como mandante com estádio confirmado foram em Estádio Serra Dourada (hist-f80-1869, hist-f80-1872, hist-f80-1876, hist-f80-1879, hist-f80-1886, hist-f80-1896, hist-f80-1904, hist-f80-1906).",UNKNOWN
hist-f80-1885,1989,1989-06-25,25/jun/1989,DAY,UNKNOWN,PLAYED,True,Campeonato Goiano,GOIANO,Goiano,,,Santa Helena-GO,Goiás,Santa Helena-GO,False,False,0.0,0.0,0.0,0.0,0 x 0,D,UNKNOWN,UNKNOWN,GO,Brasil,OFFICIAL_COMPETITIVE,True,HIGH,HIGH,HIGH,HIGH,LOW,Futebol80,1885,1885.0,https://www.futebol80.com.br/links/times/goias/goiasjg.htm,,,,,historical_futebol80,,,,,UNKNOWN
hist-f80-1887,1989,1989-07-02,02/jul/1989,DAY,UNKNOWN,PLAYED,True,Campeonato Goiano,GOIANO,Goiano,,,Goiatuba-GO,Goiás,Goiatuba-GO,False,False,0.0,0.0,0.0,0.0,0 x 0,D,UNKNOWN,UNKNOWN,GO,Brasil,OFFICIAL_COMPETITIVE,True,HIGH,HIGH,HIGH,HIGH,LOW,Futebol80,1887,1887.0,https://www.futebol80.com.br/links/times/goias/goiasjg.htm,,,,,historical_futebol80,,,,,UNKNOWN
hist-f80-1888,1989,1989-07-09,09/jul/1989,DAY,UNKNOWN,PLAYED,True,Campeonato Goiano,GOIANO,Goiano,,,,,Goiânia-GO,,True,,,1.0,1.0,1 x 1,D,UNKNOWN,UNKNOWN,GO,Brasil,OFFICIAL_COMPETITIVE,True,HIGH,HIGH,HIGH,HIGH,LOW,Futebol80,1888,1888.0,https://www.futebol80.com.br/links/times/goias/goiasjg.htm,,,,,historical_futebol80,,,,,UNKNOWN
hist-f80-1889,1989,1989-07-12,12/jul/1989,DAY,UNKNOWN,PLAYED,True,Campeonato Goiano,GOIANO,Goiano,,,Goiás,Novo Horizonte-GO,Novo Horizonte-GO,True,False,2.0,0.0,2.0,0.0,2 x 0,W,UNKNOWN,UNKNOWN,GO,Brasil,OFFICIAL_COMPETITIVE,True,HIGH,HIGH,HIGH,HIGH,LOW,Futebol80,1889,1889.0,https://www.futebol80.com.br/links/times/goias/goiasjg.htm,,,,,historical_futebol80,Estádio Serra Dourada,Goiânia,MEDIUM,"INFERIDO, não confirmado. Mandante: Goiás (fonte: CSV (goias_is_home)). Em 1989 (Campeonato Goiano), todos os 8 jogos do Goiás como mandante com estádio confirmado foram em Estádio Serra Dourada (hist-f80-1869, hist-f80-1872, hist-f80-1876, hist-f80-1879, hist-f80-1886, hist-f80-1896, hist-f80-1904, hist-f80-1906).",UNKNOWN
hist-f80-1895,1989,1989-07-31,31/jul/1989,DAY,UNKNOWN,PLAYED,True,Campeonato Goiano,GOIANO,Goiano,,,Goiás,Goiatuba-GO,Goiatuba-GO,True,False,1.0,0.0,1.0,0.0,1 x 0,W,UNKNOWN,UNKNOWN,GO,Brasil,OFFICIAL_COMPETITIVE,True,HIGH,HIGH,HIGH,HIGH,LOW,Futebol80,1895,1895.0,https://www.futebol80.com.br/links/times/goias/goiasjg.htm,,,,,historical_futebol80,Estádio Serra Dourada,Goiânia,MEDIUM,"INFERIDO, não confirmado. Mandante: Goiás (fonte: CSV (goias_is_home)). Em 1989 (Campeonato Goiano), todos os 8 jogos do Goiás como mandante com estádio confirmado foram em Estádio Serra Dourada (hist-f80-1869, hist-f80-1872, hist-f80-1876, hist-f80-1879, hist-f80-1886, hist-f80-1896, hist-f80-1904, hist-f80-1906).",UNKNOWN
hist-f80-1898,1989,1989-08-09,09/ago/1989,DAY,UNKNOWN,PLAYED,True,Campeonato Goiano,GOIANO,Goiano,,,Novo Horizonte-GO,Goiás,Novo Horizonte-GO,False,False,0.0,0.0,0.0,0.0,0 x 0,D,UNKNOWN,UNKNOWN,GO,Brasil,OFFICIAL_COMPETITIVE,True,HIGH,HIGH,HIGH,HIGH,LOW,Futebol80,1898,1898.0,https://www.futebol80.com.br/links/times/goias/goiasjg.htm,,,,,historical_futebol80,,,,,UNKNOWN
hist-f80-1902,1989,1989-08-21,21/ago/1989,DAY,UNKNOWN,PLAYED,True,Campeonato Goiano,GOIANO,Goiano,,,,,Atlético-GO,,True,,,1.0,3.0,1 x 3,L,UNKNOWN,UNKNOWN,GO,Brasil,OFFICIAL_COMPETITIVE,True,HIGH,HIGH,HIGH,HIGH,LOW,Futebol80,1902,1902.0,https://www.futebol80.com.br/links/times/goias/goiasjg.htm,,,,,historical_futebol80,,,,,UNKNOWN
hist-f80-1903,1989,1989-08-23,23/ago/1989,DAY,UNKNOWN,PLAYED,True,Campeonato Goiano,GOIANO,Goiano,,,,,Goiânia-GO,,True,,,1.0,1.0,1 x 1,D,UNKNOWN,UNKNOWN,GO,Brasil,OFFICIAL_COMPETITIVE,True,HIGH,HIGH,HIGH,HIGH,LOW,Futebol80,1903,1903.0,https://www.futebol80.com.br/links/times/goias/goiasjg.htm,,,,,historical_futebol80,Estádio Serra Dourada,Goiânia,MEDIUM,"INFERIDO, não confirmado. Mandante: Goiás (fonte: FdG ficha 23884 (Goiás 1 x 1 Goiânia)). Em 1989 (Campeonato Goiano), todos os 8 jogos do Goiás como mandante com estádio confirmado foram em Estádio Serra Dourada (hist-f80-1869, hist-f80-1872, hist-f80-1876, hist-f80-1879, hist-f80-1886, hist-f80-1896, hist-f80-1904, hist-f80-1906).",UNKNOWN
hist-f80-2034,1991,1991-07-21,21/jul/1991,DAY,UNKNOWN,PLAYED,True,Campeonato Goiano,GOIANO,Goiano,,,Novo Horizonte-GO,Goiás,Novo Horizonte-GO,False,False,1.0,2.0,2.0,1.0,2 x 1,W,UNKNOWN,UNKNOWN,GO,Brasil,OFFICIAL_COMPETITIVE,True,HIGH,HIGH,HIGH,HIGH,LOW,Futebol80,2034,2034.0,https://www.futebol80.com.br/links/times/goias/goiasjg.htm,,,,,historical_futebol80,,,,,UNKNOWN
hist-f80-2044,1991,1991-09-15,15/set/1991,DAY,UNKNOWN,PLAYED,True,Campeonato Goiano,GOIANO,Goiano,,,Anápolis-GO,Goiás,Anápolis-GO,False,False,0.0,2.0,2.0,0.0,2 x 0,W,UNKNOWN,UNKNOWN,GO,Brasil,OFFICIAL_COMPETITIVE,True,HIGH,HIGH,HIGH,HIGH,LOW,Futebol80,2044,2044.0,https://www.futebol80.com.br/links/times/goias/goiasjg.htm,,,,,historical_futebol80,,,,,UNKNOWN
hist-f80-2130,1993,1993-02-14,14/fev/1993,DAY,UNKNOWN,PLAYED,True,Campeonato Goiano,GOIANO,Goiano,,,,,Atlético-GO,,True,,,1.0,0.0,1 x 0,W,UNKNOWN,UNKNOWN,GO,Brasil,OFFICIAL_COMPETITIVE,True,HIGH,HIGH,HIGH,HIGH,LOW,Futebol80,2130,2130.0,https://www.futebol80.com.br/links/times/goias/goiasjg.htm,,,,,historical_futebol80,Estádio Serra Dourada,Goiânia,MEDIUM,"INFERIDO, não confirmado. Mandante: Goiás (fonte: FdG ficha 24621 (Goiás 1 x 0 Atlético)). Em 1993 (Campeonato Goiano), todos os 3 jogos do Goiás como mandante com estádio confirmado foram em Estádio Serra Dourada (hist-f80-2139, hist-f80-2142, hist-f80-2174).",UNKNOWN
hist-f80-2131,1993,1993-02-17,17/fev/1993,DAY,UNKNOWN,PLAYED,True,Campeonato Goiano,GOIANO,Goiano,,,Goiás,América de Morrinhos-GO,América de Morrinhos-GO,True,False,0.0,0.0,0.0,0.0,0 x 0,D,UNKNOWN,UNKNOWN,GO,Brasil,OFFICIAL_COMPETITIVE,True,HIGH,HIGH,HIGH,HIGH,LOW,Futebol80,2131,2131.0,https://www.futebol80.com.br/links/times/goias/goiasjg.htm,,,,,historical_futebol80,Estádio Serra Dourada,Goiânia,MEDIUM,"INFERIDO, não confirmado. Mandante: Goiás (fonte: CSV (goias_is_home)). Em 1993 (Campeonato Goiano), todos os 3 jogos do Goiás como mandante com estádio confirmado foram em Estádio Serra Dourada (hist-f80-2139, hist-f80-2142, hist-f80-2174).",UNKNOWN
hist-f80-2132,1993,1993-02-20,20/fev/1993,DAY,UNKNOWN,PLAYED,True,Campeonato Goiano,GOIANO,Goiano,,,Caldas-GO,Goiás,Caldas-GO,False,False,0.0,0.0,0.0,0.0,0 x 0,D,UNKNOWN,UNKNOWN,GO,Brasil,OFFICIAL_COMPETITIVE,True,HIGH,HIGH,HIGH,HIGH,LOW,Futebol80,2132,2132.0,https://www.futebol80.com.br/links/times/goias/goiasjg.htm,,,,,historical_futebol80,,,,,UNKNOWN
hist-f80-2133,1993,1993-02-28,28/fev/1993,DAY,UNKNOWN,PLAYED,True,Campeonato Goiano,GOIANO,Goiano,,,Quirinópolis-GO,Goiás,Quirinópolis-GO,False,False,1.0,0.0,0.0,1.0,0 x 1,L,UNKNOWN,UNKNOWN,GO,Brasil,OFFICIAL_COMPETITIVE,True,HIGH,HIGH,HIGH,HIGH,LOW,Futebol80,2133,2133.0,https://www.futebol80.com.br/links/times/goias/goiasjg.htm,,,,,historical_futebol80,,,,,UNKNOWN
hist-f80-2134,1993,1993-03-03,03/mar/1993,DAY,UNKNOWN,PLAYED,True,Campeonato Goiano,GOIANO,Goiano,,,Goiás,CRAC-GO,CRAC-GO,True,False,2.0,0.0,2.0,0.0,2 x 0,W,UNKNOWN,UNKNOWN,GO,Brasil,OFFICIAL_COMPETITIVE,True,HIGH,HIGH,HIGH,HIGH,LOW,Futebol80,2134,2134.0,https://www.futebol80.com.br/links/times/goias/goiasjg.htm,,,,,historical_futebol80,Estádio Serra Dourada,Goiânia,MEDIUM,"INFERIDO, não confirmado. Mandante: Goiás (fonte: CSV (goias_is_home)). Em 1993 (Campeonato Goiano), todos os 3 jogos do Goiás como mandante com estádio confirmado foram em Estádio Serra Dourada (hist-f80-2139, hist-f80-2142, hist-f80-2174).",UNKNOWN
hist-f80-2135,1993,1993-03-07,07/mar/1993,DAY,UNKNOWN,PLAYED,True,Campeonato Goiano,GOIANO,Goiano,,,Itumbiara-GO,Goiás,Itumbiara-GO,False,False,2.0,1.0,1.0,2.0,1 x 2,L,UNKNOWN,UNKNOWN,GO,Brasil,OFFICIAL_COMPETITIVE,True,HIGH,HIGH,HIGH,HIGH,LOW,Futebol80,2135,2135.0,https://www.futebol80.com.br/links/times/goias/goiasjg.htm,,,,,historical_futebol80,,,,,UNKNOWN
hist-f80-2136,1993,1993-03-10,10/mar/1993,DAY,UNKNOWN,PLAYED,True,Campeonato Goiano,GOIANO,Goiano,,,Anápolis-GO,Goiás,Anápolis-GO,False,False,2.0,1.0,1.0,2.0,1 x 2,L,UNKNOWN,UNKNOWN,GO,Brasil,OFFICIAL_COMPETITIVE,True,HIGH,HIGH,HIGH,HIGH,LOW,Futebol80,2136,2136.0,https://www.futebol80.com.br/links/times/goias/goiasjg.htm,,,,,historical_futebol80,,,,,UNKNOWN
hist-f80-2137,1993,1993-03-13,13/mar/1993,DAY,UNKNOWN,PLAYED,True,Campeonato Goiano,GOIANO,Goiano,,,Goiás,Jataiense-GO,Jataiense-GO,True,False,2.0,0.0,2.0,0.0,2 x 0,W,UNKNOWN,UNKNOWN,GO,Brasil,OFFICIAL_COMPETITIVE,True,HIGH,HIGH,HIGH,HIGH,LOW,Futebol80,2137,2137.0,https://www.futebol80.com.br/links/times/goias/goiasjg.htm,,,,,historical_futebol80,Estádio Serra Dourada,Goiânia,MEDIUM,"INFERIDO, não confirmado. Mandante: Goiás (fonte: CSV (goias_is_home)). Em 1993 (Campeonato Goiano), todos os 3 jogos do Goiás como mandante com estádio confirmado foram em Estádio Serra Dourada (hist-f80-2139, hist-f80-2142, hist-f80-2174).",UNKNOWN
hist-f80-2138,1993,1993-03-18,18/mar/1993,DAY,UNKNOWN,PLAYED,True,Campeonato Goiano,GOIANO,Goiano,,,Goiás,Goiatuba-GO,Goiatuba-GO,True,False,5.0,1.0,5.0,1.0,5 x 1,W,UNKNOWN,UNKNOWN,GO,Brasil,OFFICIAL_COMPETITIVE,True,HIGH,HIGH,HIGH,HIGH,LOW,Futebol80,2138,2138.0,https://www.futebol80.com.br/links/times/goias/goiasjg.htm,,,,,historical_futebol80,Estádio Serra Dourada,Goiânia,MEDIUM,"INFERIDO, não confirmado. Mandante: Goiás (fonte: CSV (goias_is_home)). Em 1993 (Campeonato Goiano), todos os 3 jogos do Goiás como mandante com estádio confirmado foram em Estádio Serra Dourada (hist-f80-2139, hist-f80-2142, hist-f80-2174).",UNKNOWN
hist-f80-2140,1993,1993-03-25,25/mar/1993,DAY,UNKNOWN,PLAYED,True,Campeonato Goiano,GOIANO,Goiano,,,Goiás,Luziânia-GO,Luziânia-GO,True,False,2.0,1.0,2.0,1.0,2 x 1,W,UNKNOWN,UNKNOWN,GO,Brasil,OFFICIAL_COMPETITIVE,True,HIGH,HIGH,HIGH,HIGH,LOW,Futebol80,2140,2140.0,https://www.futebol80.com.br/links/times/goias/goiasjg.htm,,,,,historical_futebol80,Estádio Serra Dourada,Goiânia,MEDIUM,"INFERIDO, não confirmado. Mandante: Goiás (fonte: CSV (goias_is_home)). Em 1993 (Campeonato Goiano), todos os 3 jogos do Goiás como mandante com estádio confirmado foram em Estádio Serra Dourada (hist-f80-2139, hist-f80-2142, hist-f80-2174).",UNKNOWN
hist-f80-2141,1993,1993-03-28,28/mar/1993,DAY,UNKNOWN,PLAYED,True,Campeonato Goiano,GOIANO,Goiano,,,Inhumas-GO,Goiás,Inhumas-GO,False,False,0.0,0.0,0.0,0.0,0 x 0,D,UNKNOWN,UNKNOWN,GO,Brasil,OFFICIAL_COMPETITIVE,True,HIGH,HIGH,HIGH,HIGH,LOW,Futebol80,2141,2141.0,https://www.futebol80.com.br/links/times/goias/goiasjg.htm,,,,,historical_futebol80,,,,,UNKNOWN
hist-f80-2143,1993,1993-04-04,04/abr/1993,DAY,UNKNOWN,PLAYED,True,Campeonato Goiano,GOIANO,Goiano,,,Novo Horizonte-GO,Goiás,Novo Horizonte-GO,False,False,0.0,2.0,2.0,0.0,2 x 0,W,UNKNOWN,UNKNOWN,GO,Brasil,OFFICIAL_COMPETITIVE,True,HIGH,HIGH,HIGH,HIGH,LOW,Futebol80,2143,2143.0,https://www.futebol80.com.br/links/times/goias/goiasjg.htm,,,,,historical_futebol80,,,,,UNKNOWN
hist-f80-2144,1993,1993-04-08,08/abr/1993,DAY,UNKNOWN,PLAYED,True,Campeonato Goiano,GOIANO,Goiano,,,Mineiros-GO,Goiás,Mineiros-GO,False,False,1.0,1.0,1.0,1.0,1 x 1,D,UNKNOWN,UNKNOWN,GO,Brasil,OFFICIAL_COMPETITIVE,True,HIGH,HIGH,HIGH,HIGH,LOW,Futebol80,2144,2144.0,https://www.futebol80.com.br/links/times/goias/goiasjg.htm,,,,,historical_futebol80,,,,,UNKNOWN
hist-f80-2145,1993,1993-04-11,11/abr/1993,DAY,UNKNOWN,PLAYED,True,Campeonato Goiano,GOIANO,Goiano,,,,,Goiânia-GO,,True,,,2.0,0.0,2 x 0,W,UNKNOWN,UNKNOWN,GO,Brasil,OFFICIAL_COMPETITIVE,True,HIGH,HIGH,HIGH,HIGH,LOW,Futebol80,2145,2145.0,https://www.futebol80.com.br/links/times/goias/goiasjg.htm,,,,,historical_futebol80,,,,,UNKNOWN
hist-f80-2146,1993,1993-04-14,14/abr/1993,DAY,UNKNOWN,PLAYED,True,Campeonato Goiano,GOIANO,Goiano,,,Anapolina-GO,Goiás,Anapolina-GO,False,False,0.0,0.0,0.0,0.0,0 x 0,D,UNKNOWN,UNKNOWN,GO,Brasil,OFFICIAL_COMPETITIVE,True,HIGH,HIGH,HIGH,HIGH,LOW,Futebol80,2146,2146.0,https://www.futebol80.com.br/links/times/goias/goiasjg.htm,,,,,historical_futebol80,,,,,UNKNOWN
hist-f80-2147,1993,1993-04-18,18/abr/1993,DAY,UNKNOWN,PLAYED,True,Campeonato Goiano,GOIANO,Goiano,,,,,Atlético-GO,,True,,,0.0,0.0,0 x 0,D,UNKNOWN,UNKNOWN,GO,Brasil,OFFICIAL_COMPETITIVE,True,HIGH,HIGH,HIGH,HIGH,LOW,Futebol80,2147,2147.0,https://www.futebol80.com.br/links/times/goias/goiasjg.htm,,,,,historical_futebol80,,,,,UNKNOWN
hist-f80-2148,1993,1993-04-21,21/abr/1993,DAY,UNKNOWN,PLAYED,True,Campeonato Goiano,GOIANO,Goiano,,,América de Morrinhos-GO,Goiás,América de Morrinhos-GO,False,False,0.0,1.0,1.0,0.0,1 x 0,W,UNKNOWN,UNKNOWN,GO,Brasil,OFFICIAL_COMPETITIVE,True,HIGH,HIGH,HIGH,HIGH,LOW,Futebol80,2148,2148.0,https://www.futebol80.com.br/links/times/goias/goiasjg.htm,,,,,historical_futebol80,,,,,UNKNOWN
hist-f80-2149,1993,1993-04-24,24/abr/1993,DAY,UNKNOWN,PLAYED,True,Campeonato Goiano,GOIANO,Goiano,,,Goiás,Caldas-GO,Caldas-GO,True,False,0.0,0.0,0.0,0.0,0 x 0,D,UNKNOWN,UNKNOWN,GO,Brasil,OFFICIAL_COMPETITIVE,True,HIGH,HIGH,HIGH,HIGH,LOW,Futebol80,2149,2149.0,https://www.futebol80.com.br/links/times/goias/goiasjg.htm,,,,,historical_futebol80,Estádio Serra Dourada,Goiânia,MEDIUM,"INFERIDO, não confirmado. Mandante: Goiás (fonte: CSV (goias_is_home)). Em 1993 (Campeonato Goiano), todos os 3 jogos do Goiás como mandante com estádio confirmado foram em Estádio Serra Dourada (hist-f80-2139, hist-f80-2142, hist-f80-2174).",UNKNOWN
hist-f80-2150,1993,1993-05-02,02/mai/1993,DAY,UNKNOWN,PLAYED,True,Campeonato Goiano,GOIANO,Goiano,,,Goiás,Quirinópolis-GO,Quirinópolis-GO,True,False,3.0,0.0,3.0,0.0,3 x 0,W,UNKNOWN,UNKNOWN,GO,Brasil,OFFICIAL_COMPETITIVE,True,HIGH,HIGH,HIGH,HIGH,LOW,Futebol80,2150,2150.0,https://www.futebol80.com.br/links/times/goias/goiasjg.htm,,,,,historical_futebol80,Estádio Serra Dourada,Goiânia,MEDIUM,"INFERIDO, não confirmado. Mandante: Goiás (fonte: CSV (goias_is_home)). Em 1993 (Campeonato Goiano), todos os 3 jogos do Goiás como mandante com estádio confirmado foram em Estádio Serra Dourada (hist-f80-2139, hist-f80-2142, hist-f80-2174).",UNKNOWN
hist-f80-2151,1993,1993-05-05,05/mai/1993,DAY,UNKNOWN,PLAYED,True,Campeonato Goiano,GOIANO,Goiano,,,CRAC-GO,Goiás,CRAC-GO,False,False,0.0,0.0,0.0,0.0,0 x 0,D,UNKNOWN,UNKNOWN,GO,Brasil,OFFICIAL_COMPETITIVE,True,HIGH,HIGH,HIGH,HIGH,LOW,Futebol80,2151,2151.0,https://www.futebol80.com.br/links/times/goias/goiasjg.htm,,,,,historical_futebol80,,,,,UNKNOWN
hist-f80-2152,1993,1993-05-08,08/mai/1993,DAY,UNKNOWN,PLAYED,True,Campeonato Goiano,GOIANO,Goiano,,,Goiás,Itumbiara-GO,Itumbiara-GO,True,False,5.0,1.0,5.0,1.0,5 x 1,W,UNKNOWN,UNKNOWN,GO,Brasil,OFFICIAL_COMPETITIVE,True,HIGH,HIGH,HIGH,HIGH,LOW,Futebol80,2152,2152.0,https://www.futebol80.com.br/links/times/goias/goiasjg.htm,,,,,historical_futebol80,Estádio Serra Dourada,Goiânia,MEDIUM,"INFERIDO, não confirmado. Mandante: Goiás (fonte: CSV (goias_is_home)). Em 1993 (Campeonato Goiano), todos os 3 jogos do Goiás como mandante com estádio confirmado foram em Estádio Serra Dourada (hist-f80-2139, hist-f80-2142, hist-f80-2174).",UNKNOWN
hist-f80-2153,1993,1993-05-12,12/mai/1993,DAY,UNKNOWN,PLAYED,True,Campeonato Goiano,GOIANO,Goiano,,,Goiás,Anápolis-GO,Anápolis-GO,True,False,1.0,0.0,1.0,0.0,1 x 0,W,UNKNOWN,UNKNOWN,GO,Brasil,OFFICIAL_COMPETITIVE,True,HIGH,HIGH,HIGH,HIGH,LOW,Futebol80,2153,2153.0,https://www.futebol80.com.br/links/times/goias/goiasjg.htm,,,,,historical_futebol80,Estádio Serra Dourada,Goiânia,MEDIUM,"INFERIDO, não confirmado. Mandante: Goiás (fonte: CSV (goias_is_home)). Em 1993 (Campeonato Goiano), todos os 3 jogos do Goiás como mandante com estádio confirmado foram em Estádio Serra Dourada (hist-f80-2139, hist-f80-2142, hist-f80-2174).",UNKNOWN
hist-f80-2154,1993,1993-05-16,16/mai/1993,DAY,UNKNOWN,PLAYED,True,Campeonato Goiano,GOIANO,Goiano,,,Jataiense-GO,Goiás,Jataiense-GO,False,False,1.0,1.0,1.0,1.0,1 x 1,D,UNKNOWN,UNKNOWN,GO,Brasil,OFFICIAL_COMPETITIVE,True,HIGH,HIGH,HIGH,HIGH,LOW,Futebol80,2154,2154.0,https://www.futebol80.com.br/links/times/goias/goiasjg.htm,,,,,historical_futebol80,,,,,UNKNOWN
hist-f80-2155,1993,1993-05-20,20/mai/1993,DAY,UNKNOWN,PLAYED,True,Campeonato Goiano,GOIANO,Goiano,,,Goiatuba-GO,Goiás,Goiatuba-GO,False,False,2.0,2.0,2.0,2.0,2 x 2,D,UNKNOWN,UNKNOWN,GO,Brasil,OFFICIAL_COMPETITIVE,True,HIGH,HIGH,HIGH,HIGH,LOW,Futebol80,2155,2155.0,https://www.futebol80.com.br/links/times/goias/goiasjg.htm,,,,,historical_futebol80,,,,,UNKNOWN
hist-f80-2157,1993,1993-05-26,26/mai/1993,DAY,UNKNOWN,PLAYED,True,Campeonato Goiano,GOIANO,Goiano,,,Luziânia-GO,Goiás,Luziânia-GO,False,False,0.0,0.0,0.0,0.0,0 x 0,D,UNKNOWN,UNKNOWN,GO,Brasil,OFFICIAL_COMPETITIVE,True,HIGH,HIGH,HIGH,HIGH,LOW,Futebol80,2157,2157.0,https://www.futebol80.com.br/links/times/goias/goiasjg.htm,,,,,historical_futebol80,,,,,UNKNOWN
hist-f80-2158,1993,1993-05-29,29/mai/1993,DAY,UNKNOWN,PLAYED,True,Campeonato Goiano,GOIANO,Goiano,,,Goiás,Inhumas-GO,Inhumas-GO,True,False,0.0,1.0,0.0,1.0,0 x 1,L,UNKNOWN,UNKNOWN,GO,Brasil,OFFICIAL_COMPETITIVE,True,HIGH,HIGH,HIGH,HIGH,LOW,Futebol80,2158,2158.0,https://www.futebol80.com.br/links/times/goias/goiasjg.htm,,,,,historical_futebol80,Estádio Serra Dourada,Goiânia,MEDIUM,"INFERIDO, não confirmado. Mandante: Goiás (fonte: CSV (goias_is_home)). Em 1993 (Campeonato Goiano), todos os 3 jogos do Goiás como mandante com estádio confirmado foram em Estádio Serra Dourada (hist-f80-2139, hist-f80-2142, hist-f80-2174).",UNKNOWN
hist-f80-2161,1993,1993-06-06,06/jun/1993,DAY,UNKNOWN,PLAYED,True,Campeonato Goiano,GOIANO,Goiano,,,Goiás,Novo Horizonte-GO,Novo Horizonte-GO,True,False,2.0,0.0,2.0,0.0,2 x 0,W,UNKNOWN,UNKNOWN,GO,Brasil,OFFICIAL_COMPETITIVE,True,HIGH,HIGH,HIGH,HIGH,LOW,Futebol80,2161,2161.0,https://www.futebol80.com.br/links/times/goias/goiasjg.htm,,,,,historical_futebol80,Estádio Serra Dourada,Goiânia,MEDIUM,"INFERIDO, não confirmado. Mandante: Goiás (fonte: CSV (goias_is_home)). Em 1993 (Campeonato Goiano), todos os 3 jogos do Goiás como mandante com estádio confirmado foram em Estádio Serra Dourada (hist-f80-2139, hist-f80-2142, hist-f80-2174).",UNKNOWN
hist-f80-2162,1993,1993-06-08,08/jun/1993,DAY,UNKNOWN,PLAYED,True,Campeonato Goiano,GOIANO,Goiano,,,Ceres-GO,Goiás,Ceres-GO,False,False,1.0,1.0,1.0,1.0,1 x 1,D,UNKNOWN,UNKNOWN,GO,Brasil,OFFICIAL_COMPETITIVE,True,HIGH,HIGH,HIGH,HIGH,LOW,Futebol80,2162,2162.0,https://www.futebol80.com.br/links/times/goias/goiasjg.htm,,,,,historical_futebol80,,,,,UNKNOWN
hist-f80-2163,1993,1993-06-10,10/jun/1993,DAY,UNKNOWN,PLAYED,True,Campeonato Goiano,GOIANO,Goiano,,,Goiás,Mineiros-GO,Mineiros-GO,True,False,2.0,2.0,2.0,2.0,2 x 2,D,UNKNOWN,UNKNOWN,GO,Brasil,OFFICIAL_COMPETITIVE,True,HIGH,HIGH,HIGH,HIGH,LOW,Futebol80,2163,2163.0,https://www.futebol80.com.br/links/times/goias/goiasjg.htm,,,,,historical_futebol80,Estádio Serra Dourada,Goiânia,MEDIUM,"INFERIDO, não confirmado. Mandante: Goiás (fonte: CSV (goias_is_home)). Em 1993 (Campeonato Goiano), todos os 3 jogos do Goiás como mandante com estádio confirmado foram em Estádio Serra Dourada (hist-f80-2139, hist-f80-2142, hist-f80-2174).",UNKNOWN
hist-f80-2164,1993,1993-06-13,13/jun/1993,DAY,UNKNOWN,PLAYED,True,Campeonato Goiano,GOIANO,Goiano,,,,,Goiânia-GO,,True,,,2.0,1.0,2 x 1,W,UNKNOWN,UNKNOWN,GO,Brasil,OFFICIAL_COMPETITIVE,True,HIGH,HIGH,HIGH,HIGH,LOW,Futebol80,2164,2164.0,https://www.futebol80.com.br/links/times/goias/goiasjg.htm,,,,,historical_futebol80,Estádio Serra Dourada,Goiânia,MEDIUM,"INFERIDO, não confirmado. Mandante: Goiás (fonte: FdG ficha 24907 (Goiás 2 x 1 Goiânia)). Em 1993 (Campeonato Goiano), todos os 3 jogos do Goiás como mandante com estádio confirmado foram em Estádio Serra Dourada (hist-f80-2139, hist-f80-2142, hist-f80-2174).",UNKNOWN
hist-f80-2165,1993,1993-06-20,20/jun/1993,DAY,UNKNOWN,PLAYED,True,Campeonato Goiano,GOIANO,Goiano,,,Goiás,Anapolina-GO,Anapolina-GO,True,False,2.0,1.0,2.0,1.0,2 x 1,W,UNKNOWN,UNKNOWN,GO,Brasil,OFFICIAL_COMPETITIVE,True,HIGH,HIGH,HIGH,HIGH,LOW,Futebol80,2165,2165.0,https://www.futebol80.com.br/links/times/goias/goiasjg.htm,,,,,historical_futebol80,Estádio Serra Dourada,Goiânia,MEDIUM,"INFERIDO, não confirmado. Mandante: Goiás (fonte: CSV (goias_is_home)). Em 1993 (Campeonato Goiano), todos os 3 jogos do Goiás como mandante com estádio confirmado foram em Estádio Serra Dourada (hist-f80-2139, hist-f80-2142, hist-f80-2174).",UNKNOWN
hist-f80-2166,1993,1993-06-23,23/jun/1993,DAY,UNKNOWN,PLAYED,True,Campeonato Goiano,GOIANO,Goiano,,,Quirinópolis-GO,Goiás,Quirinópolis-GO,False,False,0.0,0.0,0.0,0.0,0 x 0,D,UNKNOWN,UNKNOWN,GO,Brasil,OFFICIAL_COMPETITIVE,True,HIGH,HIGH,HIGH,HIGH,LOW,Futebol80,2166,2166.0,https://www.futebol80.com.br/links/times/goias/goiasjg.htm,,,,,historical_futebol80,,,,,UNKNOWN
hist-f80-2167,1993,1993-06-27,27/jun/1993,DAY,UNKNOWN,PLAYED,True,Campeonato Goiano,GOIANO,Goiano,,,Goiás,Goiatuba-GO,Goiatuba-GO,True,False,1.0,1.0,1.0,1.0,1 x 1,D,UNKNOWN,UNKNOWN,GO,Brasil,OFFICIAL_COMPETITIVE,True,HIGH,HIGH,HIGH,HIGH,LOW,Futebol80,2167,2167.0,https://www.futebol80.com.br/links/times/goias/goiasjg.htm,,,,,historical_futebol80,Estádio Serra Dourada,Goiânia,MEDIUM,"INFERIDO, não confirmado. Mandante: Goiás (fonte: CSV (goias_is_home)). Em 1993 (Campeonato Goiano), todos os 3 jogos do Goiás como mandante com estádio confirmado foram em Estádio Serra Dourada (hist-f80-2139, hist-f80-2142, hist-f80-2174).",UNKNOWN
hist-f80-2168,1993,1993-07-01,01/jul/1993,DAY,UNKNOWN,PLAYED,True,Campeonato Goiano,GOIANO,Goiano,,,,,Goiânia-GO,,True,,,1.0,0.0,1 x 0,W,UNKNOWN,UNKNOWN,GO,Brasil,OFFICIAL_COMPETITIVE,True,HIGH,HIGH,HIGH,HIGH,LOW,Futebol80,2168,2168.0,https://www.futebol80.com.br/links/times/goias/goiasjg.htm,,,,,historical_futebol80,,,,,UNKNOWN
hist-f80-2169,1993,1993-07-04,04/jul/1993,DAY,UNKNOWN,PLAYED,True,Campeonato Goiano,GOIANO,Goiano,,,,,Goiânia-GO,,True,,,0.0,2.0,0 x 2,L,UNKNOWN,UNKNOWN,GO,Brasil,OFFICIAL_COMPETITIVE,True,HIGH,HIGH,HIGH,HIGH,LOW,Futebol80,2169,2169.0,https://www.futebol80.com.br/links/times/goias/goiasjg.htm,,,,,historical_futebol80,Estádio Serra Dourada,Goiânia,MEDIUM,"INFERIDO, não confirmado. Mandante: Goiás (fonte: FdG ficha 24946 (Goiás 0 x 2 Goiânia)). Em 1993 (Campeonato Goiano), todos os 3 jogos do Goiás como mandante com estádio confirmado foram em Estádio Serra Dourada (hist-f80-2139, hist-f80-2142, hist-f80-2174).",UNKNOWN
hist-f80-2170,1993,1993-07-07,07/jul/1993,DAY,UNKNOWN,PLAYED,True,Campeonato Goiano,GOIANO,Goiano,,,Goiatuba-GO,Goiás,Goiatuba-GO,False,False,0.0,0.0,0.0,0.0,0 x 0,D,UNKNOWN,UNKNOWN,GO,Brasil,OFFICIAL_COMPETITIVE,True,HIGH,HIGH,HIGH,HIGH,LOW,Futebol80,2170,2170.0,https://www.futebol80.com.br/links/times/goias/goiasjg.htm,,,,,historical_futebol80,,,,,UNKNOWN
hist-f80-2171,1993,1993-07-11,11/jul/1993,DAY,UNKNOWN,PLAYED,True,Campeonato Goiano,GOIANO,Goiano,,,Goiás,Quirinópolis-GO,Quirinópolis-GO,True,False,3.0,1.0,3.0,1.0,3 x 1,W,UNKNOWN,UNKNOWN,GO,Brasil,OFFICIAL_COMPETITIVE,True,HIGH,HIGH,HIGH,HIGH,LOW,Futebol80,2171,2171.0,https://www.futebol80.com.br/links/times/goias/goiasjg.htm,,,,,historical_futebol80,Estádio Serra Dourada,Goiânia,MEDIUM,"INFERIDO, não confirmado. Mandante: Goiás (fonte: CSV (goias_is_home)). Em 1993 (Campeonato Goiano), todos os 3 jogos do Goiás como mandante com estádio confirmado foram em Estádio Serra Dourada (hist-f80-2139, hist-f80-2142, hist-f80-2174).",UNKNOWN
hist-f80-2172,1993,1993-07-18,18/jul/1993,DAY,UNKNOWN,PLAYED,True,Campeonato Goiano,GOIANO,Goiano,,,Mineiros-GO,Goiás,Mineiros-GO,False,False,2.0,2.0,2.0,2.0,2 x 2,D,UNKNOWN,UNKNOWN,GO,Brasil,OFFICIAL_COMPETITIVE,True,HIGH,HIGH,HIGH,HIGH,LOW,Futebol80,2172,2172.0,https://www.futebol80.com.br/links/times/goias/goiasjg.htm,,,,,historical_futebol80,,,,,UNKNOWN
hist-f80-2173,1993,1993-07-25,25/jul/1993,DAY,UNKNOWN,PLAYED,True,Campeonato Goiano,GOIANO,Goiano,,,Goiás,Mineiros-GO,Mineiros-GO,True,False,1.0,0.0,1.0,0.0,1 x 0,W,UNKNOWN,UNKNOWN,GO,Brasil,OFFICIAL_COMPETITIVE,True,HIGH,HIGH,HIGH,HIGH,LOW,Futebol80,2173,2173.0,https://www.futebol80.com.br/links/times/goias/goiasjg.htm,,,,,historical_futebol80,Estádio Serra Dourada,Goiânia,MEDIUM,"INFERIDO, não confirmado. Mandante: Goiás (fonte: CSV (goias_is_home)). Em 1993 (Campeonato Goiano), todos os 3 jogos do Goiás como mandante com estádio confirmado foram em Estádio Serra Dourada (hist-f80-2139, hist-f80-2142, hist-f80-2174).",UNKNOWN
hist-f80-2206,1994,1994-02-06,06/fev/1994,DAY,UNKNOWN,PLAYED,True,Campeonato Goiano,GOIANO,Goiano,,,Goiás,Piracanjuba-GO,Piracanjuba-GO,True,False,2.0,0.0,2.0,0.0,2 x 0,W,UNKNOWN,UNKNOWN,GO,Brasil,OFFICIAL_COMPETITIVE,True,HIGH,HIGH,HIGH,HIGH,LOW,Futebol80,2206,2206.0,https://www.futebol80.com.br/links/times/goias/goiasjg.htm,,,,,historical_futebol80,Estádio Serra Dourada,Goiânia,MEDIUM,"INFERIDO, não confirmado. Mandante: Goiás (fonte: CSV (goias_is_home)). Em 1994 (Campeonato Goiano), todos os 2 jogos do Goiás como mandante com estádio confirmado foram em Estádio Serra Dourada (hist-f80-2217, hist-f80-2270).",UNKNOWN
hist-f80-2207,1994,1994-02-13,13/fev/1994,DAY,UNKNOWN,PLAYED,True,Campeonato Goiano,GOIANO,Goiano,,,Anapolina-GO,Goiás,Anapolina-GO,False,False,2.0,2.0,2.0,2.0,2 x 2,D,UNKNOWN,UNKNOWN,GO,Brasil,OFFICIAL_COMPETITIVE,True,HIGH,HIGH,HIGH,HIGH,LOW,Futebol80,2207,2207.0,https://www.futebol80.com.br/links/times/goias/goiasjg.htm,,,,,historical_futebol80,,,,,UNKNOWN
hist-f80-2208,1994,1994-02-20,20/fev/1994,DAY,UNKNOWN,PLAYED,True,Campeonato Goiano,GOIANO,Goiano,,,Inhumas-GO,Goiás,Inhumas-GO,False,False,1.0,1.0,1.0,1.0,1 x 1,D,UNKNOWN,UNKNOWN,GO,Brasil,OFFICIAL_COMPETITIVE,True,HIGH,HIGH,HIGH,HIGH,LOW,Futebol80,2208,2208.0,https://www.futebol80.com.br/links/times/goias/goiasjg.htm,,,,,historical_futebol80,,,,,UNKNOWN
hist-f80-2209,1994,1994-02-23,23/fev/1994,DAY,UNKNOWN,PLAYED,True,Campeonato Goiano,GOIANO,Goiano,,,Goiás,Pires do Rio-GO,Pires do Rio-GO,True,False,4.0,0.0,4.0,0.0,4 x 0,W,UNKNOWN,UNKNOWN,GO,Brasil,OFFICIAL_COMPETITIVE,True,HIGH,HIGH,HIGH,HIGH,LOW,Futebol80,2209,2209.0,https://www.futebol80.com.br/links/times/goias/goiasjg.htm,,,,,historical_futebol80,Estádio Serra Dourada,Goiânia,MEDIUM,"INFERIDO, não confirmado. Mandante: Goiás (fonte: CSV (goias_is_home)). Em 1994 (Campeonato Goiano), todos os 2 jogos do Goiás como mandante com estádio confirmado foram em Estádio Serra Dourada (hist-f80-2217, hist-f80-2270).",UNKNOWN
hist-f80-2210,1994,1994-02-27,27/fev/1994,DAY,UNKNOWN,PLAYED,True,Campeonato Goiano,GOIANO,Goiano,,,Goiás,Rio Verde-GO,Rio Verde-GO,True,False,0.0,0.0,0.0,0.0,0 x 0,D,UNKNOWN,UNKNOWN,GO,Brasil,OFFICIAL_COMPETITIVE,True,HIGH,HIGH,HIGH,HIGH,LOW,Futebol80,2210,2210.0,https://www.futebol80.com.br/links/times/goias/goiasjg.htm,,,,,historical_futebol80,Estádio Serra Dourada,Goiânia,MEDIUM,"INFERIDO, não confirmado. Mandante: Goiás (fonte: CSV (goias_is_home)). Em 1994 (Campeonato Goiano), todos os 2 jogos do Goiás como mandante com estádio confirmado foram em Estádio Serra Dourada (hist-f80-2217, hist-f80-2270).",UNKNOWN
hist-f80-2211,1994,1994-03-06,06/mar/1994,DAY,UNKNOWN,PLAYED,True,Campeonato Goiano,GOIANO,Goiano,,,Santa Helena-GO,Goiás,Santa Helena-GO,False,False,0.0,2.0,2.0,0.0,2 x 0,W,UNKNOWN,UNKNOWN,GO,Brasil,OFFICIAL_COMPETITIVE,True,HIGH,HIGH,HIGH,HIGH,LOW,Futebol80,2211,2211.0,https://www.futebol80.com.br/links/times/goias/goiasjg.htm,,,,,historical_futebol80,,,,,UNKNOWN
hist-f80-2212,1994,1994-03-13,13/mar/1994,DAY,UNKNOWN,PLAYED,True,Campeonato Goiano,GOIANO,Goiano,,,Goiás,Luziânia-GO,Luziânia-GO,True,False,5.0,1.0,5.0,1.0,5 x 1,W,UNKNOWN,UNKNOWN,GO,Brasil,OFFICIAL_COMPETITIVE,True,HIGH,HIGH,HIGH,HIGH,LOW,Futebol80,2212,2212.0,https://www.futebol80.com.br/links/times/goias/goiasjg.htm,,,,,historical_futebol80,Estádio Serra Dourada,Goiânia,MEDIUM,"INFERIDO, não confirmado. Mandante: Goiás (fonte: CSV (goias_is_home)). Em 1994 (Campeonato Goiano), todos os 2 jogos do Goiás como mandante com estádio confirmado foram em Estádio Serra Dourada (hist-f80-2217, hist-f80-2270).",UNKNOWN
hist-f80-2213,1994,1994-03-16,16/mar/1994,DAY,UNKNOWN,PLAYED,True,Campeonato Goiano,GOIANO,Goiano,,,Itumbiara-GO,Goiás,Itumbiara-GO,False,False,3.0,1.0,1.0,3.0,1 x 3,L,UNKNOWN,UNKNOWN,GO,Brasil,OFFICIAL_COMPETITIVE,True,HIGH,HIGH,HIGH,HIGH,LOW,Futebol80,2213,2213.0,https://www.futebol80.com.br/links/times/goias/goiasjg.htm,,,,,historical_futebol80,,,,,UNKNOWN
hist-f80-2214,1994,1994-03-20,20/mar/1994,DAY,UNKNOWN,PLAYED,True,Campeonato Goiano,GOIANO,Goiano,,,Goiás,Goiatuba-GO,Goiatuba-GO,True,False,1.0,0.0,1.0,0.0,1 x 0,W,UNKNOWN,UNKNOWN,GO,Brasil,OFFICIAL_COMPETITIVE,True,HIGH,HIGH,HIGH,HIGH,LOW,Futebol80,2214,2214.0,https://www.futebol80.com.br/links/times/goias/goiasjg.htm,,,,,historical_futebol80,Estádio Serra Dourada,Goiânia,MEDIUM,"INFERIDO, não confirmado. Mandante: Goiás (fonte: CSV (goias_is_home)). Em 1994 (Campeonato Goiano), todos os 2 jogos do Goiás como mandante com estádio confirmado foram em Estádio Serra Dourada (hist-f80-2217, hist-f80-2270).",UNKNOWN
hist-f80-2215,1994,1994-03-27,27/mar/1994,DAY,UNKNOWN,PLAYED,True,Campeonato Goiano,GOIANO,Goiano,,,Goiás,Jataiense-GO,Jataiense-GO,True,False,5.0,1.0,5.0,1.0,5 x 1,W,UNKNOWN,UNKNOWN,GO,Brasil,OFFICIAL_COMPETITIVE,True,HIGH,HIGH,HIGH,HIGH,LOW,Futebol80,2215,2215.0,https://www.futebol80.com.br/links/times/goias/goiasjg.htm,,,,,historical_futebol80,Estádio Serra Dourada,Goiânia,MEDIUM,"INFERIDO, não confirmado. Mandante: Goiás (fonte: CSV (goias_is_home)). Em 1994 (Campeonato Goiano), todos os 2 jogos do Goiás como mandante com estádio confirmado foram em Estádio Serra Dourada (hist-f80-2217, hist-f80-2270).",UNKNOWN
hist-f80-2216,1994,1994-04-03,03/abr/1994,DAY,UNKNOWN,PLAYED,True,Campeonato Goiano,GOIANO,Goiano,,,Anápolis-GO,Goiás,Anápolis-GO,False,False,2.0,2.0,2.0,2.0,2 x 2,D,UNKNOWN,UNKNOWN,GO,Brasil,OFFICIAL_COMPETITIVE,True,HIGH,HIGH,HIGH,HIGH,LOW,Futebol80,2216,2216.0,https://www.futebol80.com.br/links/times/goias/goiasjg.htm,,,,,historical_futebol80,,,,,UNKNOWN
hist-f80-2218,1994,1994-04-13,13/abr/1994,DAY,UNKNOWN,PLAYED,True,Campeonato Goiano,GOIANO,Goiano,,,Goiás,CRAC-GO,CRAC-GO,True,False,4.0,0.0,4.0,0.0,4 x 0,W,UNKNOWN,UNKNOWN,GO,Brasil,OFFICIAL_COMPETITIVE,True,HIGH,HIGH,HIGH,HIGH,LOW,Futebol80,2218,2218.0,https://www.futebol80.com.br/links/times/goias/goiasjg.htm,,,,,historical_futebol80,Estádio Serra Dourada,Goiânia,MEDIUM,"INFERIDO, não confirmado. Mandante: Goiás (fonte: CSV (goias_is_home)). Em 1994 (Campeonato Goiano), todos os 2 jogos do Goiás como mandante com estádio confirmado foram em Estádio Serra Dourada (hist-f80-2217, hist-f80-2270).",UNKNOWN
hist-f80-2219,1994,1994-04-17,17/abr/1994,DAY,UNKNOWN,PLAYED,True,Campeonato Goiano,GOIANO,Goiano,,,Goiás,Caldas-GO,Caldas-GO,True,False,2.0,2.0,2.0,2.0,2 x 2,D,UNKNOWN,UNKNOWN,GO,Brasil,OFFICIAL_COMPETITIVE,True,HIGH,HIGH,HIGH,HIGH,LOW,Futebol80,2219,2219.0,https://www.futebol80.com.br/links/times/goias/goiasjg.htm,,,,,historical_futebol80,Estádio Serra Dourada,Goiânia,MEDIUM,"INFERIDO, não confirmado. Mandante: Goiás (fonte: CSV (goias_is_home)). Em 1994 (Campeonato Goiano), todos os 2 jogos do Goiás como mandante com estádio confirmado foram em Estádio Serra Dourada (hist-f80-2217, hist-f80-2270).",UNKNOWN
hist-f80-2220,1994,1994-04-24,24/abr/1994,DAY,UNKNOWN,PLAYED,True,Campeonato Goiano,GOIANO,Goiano,,,Quirinópolis-GO,Goiás,Quirinópolis-GO,False,False,1.0,1.0,1.0,1.0,1 x 1,D,UNKNOWN,UNKNOWN,GO,Brasil,OFFICIAL_COMPETITIVE,True,HIGH,HIGH,HIGH,HIGH,LOW,Futebol80,2220,2220.0,https://www.futebol80.com.br/links/times/goias/goiasjg.htm,,,,,historical_futebol80,,,,,UNKNOWN
hist-f80-2221,1994,1994-04-27,27/abr/1994,DAY,UNKNOWN,PLAYED,True,Campeonato Goiano,GOIANO,Goiano,,,Goiás,América de Morrinhos-GO,América de Morrinhos-GO,True,False,4.0,1.0,4.0,1.0,4 x 1,W,UNKNOWN,UNKNOWN,GO,Brasil,OFFICIAL_COMPETITIVE,True,HIGH,HIGH,HIGH,HIGH,LOW,Futebol80,2221,2221.0,https://www.futebol80.com.br/links/times/goias/goiasjg.htm,,,,,historical_futebol80,Estádio Serra Dourada,Goiânia,MEDIUM,"INFERIDO, não confirmado. Mandante: Goiás (fonte: CSV (goias_is_home)). Em 1994 (Campeonato Goiano), todos os 2 jogos do Goiás como mandante com estádio confirmado foram em Estádio Serra Dourada (hist-f80-2217, hist-f80-2270).",UNKNOWN
hist-f80-2222,1994,1994-05-01,01/mai/1994,DAY,UNKNOWN,PLAYED,True,Campeonato Goiano,GOIANO,Goiano,,,,,Atlético-GO,,True,,,1.0,0.0,1 x 0,W,UNKNOWN,UNKNOWN,GO,Brasil,OFFICIAL_COMPETITIVE,True,HIGH,HIGH,HIGH,HIGH,LOW,Futebol80,2222,2222.0,https://www.futebol80.com.br/links/times/goias/goiasjg.htm,,,,,historical_futebol80,Estádio Serra Dourada,Goiânia,MEDIUM,"INFERIDO, não confirmado. Mandante: Goiás (fonte: FdG ficha 25099 (Goiás 1 x 0 Atlético)). Em 1994 (Campeonato Goiano), todos os 2 jogos do Goiás como mandante com estádio confirmado foram em Estádio Serra Dourada (hist-f80-2217, hist-f80-2270).",UNKNOWN
hist-f80-2223,1994,1994-05-08,08/mai/1994,DAY,UNKNOWN,PLAYED,True,Campeonato Goiano,GOIANO,Goiano,,,Piracanjuba-GO,Goiás,Piracanjuba-GO,False,False,0.0,0.0,0.0,0.0,0 x 0,D,UNKNOWN,UNKNOWN,GO,Brasil,OFFICIAL_COMPETITIVE,True,HIGH,HIGH,HIGH,HIGH,LOW,Futebol80,2223,2223.0,https://www.futebol80.com.br/links/times/goias/goiasjg.htm,,,,,historical_futebol80,,,,,UNKNOWN
hist-f80-2224,1994,1994-05-15,15/mai/1994,DAY,UNKNOWN,PLAYED,True,Campeonato Goiano,GOIANO,Goiano,,,Goiás,Anapolina-GO,Anapolina-GO,True,False,2.0,2.0,2.0,2.0,2 x 2,D,UNKNOWN,UNKNOWN,GO,Brasil,OFFICIAL_COMPETITIVE,True,HIGH,HIGH,HIGH,HIGH,LOW,Futebol80,2224,2224.0,https://www.futebol80.com.br/links/times/goias/goiasjg.htm,,,,,historical_futebol80,Estádio Serra Dourada,Goiânia,MEDIUM,"INFERIDO, não confirmado. Mandante: Goiás (fonte: CSV (goias_is_home)). Em 1994 (Campeonato Goiano), todos os 2 jogos do Goiás como mandante com estádio confirmado foram em Estádio Serra Dourada (hist-f80-2217, hist-f80-2270).",UNKNOWN
hist-f80-2225,1994,1994-05-22,22/mai/1994,DAY,UNKNOWN,PLAYED,True,Campeonato Goiano,GOIANO,Goiano,,,Goiás,Inhumas-GO,Inhumas-GO,True,False,2.0,0.0,2.0,0.0,2 x 0,W,UNKNOWN,UNKNOWN,GO,Brasil,OFFICIAL_COMPETITIVE,True,HIGH,HIGH,HIGH,HIGH,LOW,Futebol80,2225,2225.0,https://www.futebol80.com.br/links/times/goias/goiasjg.htm,,,,,historical_futebol80,Estádio Serra Dourada,Goiânia,MEDIUM,"INFERIDO, não confirmado. Mandante: Goiás (fonte: CSV (goias_is_home)). Em 1994 (Campeonato Goiano), todos os 2 jogos do Goiás como mandante com estádio confirmado foram em Estádio Serra Dourada (hist-f80-2217, hist-f80-2270).",UNKNOWN
hist-f80-2226,1994,1994-05-25,25/mai/1994,DAY,UNKNOWN,PLAYED,True,Campeonato Goiano,GOIANO,Goiano,,,Pires do Rio-GO,Goiás,Pires do Rio-GO,False,False,0.0,2.0,2.0,0.0,2 x 0,W,UNKNOWN,UNKNOWN,GO,Brasil,OFFICIAL_COMPETITIVE,True,HIGH,HIGH,HIGH,HIGH,LOW,Futebol80,2226,2226.0,https://www.futebol80.com.br/links/times/goias/goiasjg.htm,,,,,historical_futebol80,,,,,UNKNOWN
hist-f80-2227,1994,1994-05-29,29/mai/1994,DAY,UNKNOWN,PLAYED,True,Campeonato Goiano,GOIANO,Goiano,,,Rio Verde-GO,Goiás,Rio Verde-GO,False,False,1.0,3.0,3.0,1.0,3 x 1,W,UNKNOWN,UNKNOWN,GO,Brasil,OFFICIAL_COMPETITIVE,True,HIGH,HIGH,HIGH,HIGH,LOW,Futebol80,2227,2227.0,https://www.futebol80.com.br/links/times/goias/goiasjg.htm,,,,,historical_futebol80,,,,,UNKNOWN
hist-f80-2228,1994,1994-06-01,01/jun/1994,DAY,UNKNOWN,PLAYED,True,Campeonato Goiano,GOIANO,Goiano,,,Goiás,Santa Helena-GO,Santa Helena-GO,True,False,0.0,0.0,0.0,0.0,0 x 0,D,UNKNOWN,UNKNOWN,GO,Brasil,OFFICIAL_COMPETITIVE,True,HIGH,HIGH,HIGH,HIGH,LOW,Futebol80,2228,2228.0,https://www.futebol80.com.br/links/times/goias/goiasjg.htm,,,,,historical_futebol80,Estádio Serra Dourada,Goiânia,MEDIUM,"INFERIDO, não confirmado. Mandante: Goiás (fonte: CSV (goias_is_home)). Em 1994 (Campeonato Goiano), todos os 2 jogos do Goiás como mandante com estádio confirmado foram em Estádio Serra Dourada (hist-f80-2217, hist-f80-2270).",UNKNOWN
hist-f80-2229,1994,1994-06-11,11/jun/1994,DAY,UNKNOWN,PLAYED,True,Campeonato Goiano,GOIANO,Goiano,,,Luziânia-GO,Goiás,Luziânia-GO,False,False,0.0,1.0,1.0,0.0,1 x 0,W,UNKNOWN,UNKNOWN,GO,Brasil,OFFICIAL_COMPETITIVE,True,HIGH,HIGH,HIGH,HIGH,LOW,Futebol80,2229,2229.0,https://www.futebol80.com.br/links/times/goias/goiasjg.htm,,,,,historical_futebol80,,,,,UNKNOWN
hist-f80-2230,1994,1994-06-15,15/jun/1994,DAY,UNKNOWN,PLAYED,True,Campeonato Goiano,GOIANO,Goiano,,,Goiás,Itumbiara-GO,Itumbiara-GO,True,False,2.0,1.0,2.0,1.0,2 x 1,W,UNKNOWN,UNKNOWN,GO,Brasil,OFFICIAL_COMPETITIVE,True,HIGH,HIGH,HIGH,HIGH,LOW,Futebol80,2230,2230.0,https://www.futebol80.com.br/links/times/goias/goiasjg.htm,,,,,historical_futebol80,Estádio Serra Dourada,Goiânia,MEDIUM,"INFERIDO, não confirmado. Mandante: Goiás (fonte: CSV (goias_is_home)). Em 1994 (Campeonato Goiano), todos os 2 jogos do Goiás como mandante com estádio confirmado foram em Estádio Serra Dourada (hist-f80-2217, hist-f80-2270).",UNKNOWN
hist-f80-2231,1994,1994-06-19,19/jun/1994,DAY,UNKNOWN,PLAYED,True,Campeonato Goiano,GOIANO,Goiano,,,Goiatuba-GO,Goiás,Goiatuba-GO,False,False,3.0,5.0,5.0,3.0,5 x 3,W,UNKNOWN,UNKNOWN,GO,Brasil,OFFICIAL_COMPETITIVE,True,HIGH,HIGH,HIGH,HIGH,LOW,Futebol80,2231,2231.0,https://www.futebol80.com.br/links/times/goias/goiasjg.htm,,,,,historical_futebol80,,,,,UNKNOWN
hist-f80-2232,1994,1994-06-26,26/jun/1994,DAY,UNKNOWN,PLAYED,True,Campeonato Goiano,GOIANO,Goiano,,,Jataiense-GO,Goiás,Jataiense-GO,False,False,0.0,1.0,1.0,0.0,1 x 0,W,UNKNOWN,UNKNOWN,GO,Brasil,OFFICIAL_COMPETITIVE,True,HIGH,HIGH,HIGH,HIGH,LOW,Futebol80,2232,2232.0,https://www.futebol80.com.br/links/times/goias/goiasjg.htm,,,,,historical_futebol80,,,,,UNKNOWN
hist-f80-2233,1994,1994-06-29,29/jun/1994,DAY,UNKNOWN,PLAYED,True,Campeonato Goiano,GOIANO,Goiano,,,Goiás,Anápolis-GO,Anápolis-GO,True,False,1.0,0.0,1.0,0.0,1 x 0,W,UNKNOWN,UNKNOWN,GO,Brasil,OFFICIAL_COMPETITIVE,True,HIGH,HIGH,HIGH,HIGH,LOW,Futebol80,2233,2233.0,https://www.futebol80.com.br/links/times/goias/goiasjg.htm,,,,Jogo encerrado aos 24 minutos do primeiro tempo segundo Futebol80; resultado preservado como registrado pela fonte.,historical_futebol80,Estádio Serra Dourada,Goiânia,MEDIUM,"INFERIDO, não confirmado. Mandante: Goiás (fonte: CSV (goias_is_home)). Em 1994 (Campeonato Goiano), todos os 2 jogos do Goiás como mandante com estádio confirmado foram em Estádio Serra Dourada (hist-f80-2217, hist-f80-2270).",UNKNOWN
hist-f80-2234,1994,1994-07-20,20/jul/1994,DAY,UNKNOWN,PLAYED,True,Campeonato Goiano,GOIANO,Goiano,,,América de Morrinhos-GO,Goiás,América de Morrinhos-GO,False,False,1.0,1.0,1.0,1.0,1 x 1,D,UNKNOWN,UNKNOWN,GO,Brasil,OFFICIAL_COMPETITIVE,True,HIGH,HIGH,HIGH,HIGH,LOW,Futebol80,2234,2234.0,https://www.futebol80.com.br/links/times/goias/goiasjg.htm,,,,,historical_futebol80,,,,,UNKNOWN
hist-f80-2236,1994,1994-07-27,27/jul/1994,DAY,UNKNOWN,PLAYED,True,Campeonato Goiano,GOIANO,Goiano,,,,,Atlético-GO,,True,,,1.0,0.0,1 x 0,W,UNKNOWN,UNKNOWN,GO,Brasil,OFFICIAL_COMPETITIVE,True,HIGH,HIGH,HIGH,HIGH,LOW,Futebol80,2236,2236.0,https://www.futebol80.com.br/links/times/goias/goiasjg.htm,,,,,historical_futebol80,,,,,UNKNOWN
hist-f80-2237,1994,1994-07-31,31/jul/1994,DAY,UNKNOWN,PLAYED,True,Campeonato Goiano,GOIANO,Goiano,,,CRAC-GO,Goiás,CRAC-GO,False,False,4.0,3.0,3.0,4.0,3 x 4,L,UNKNOWN,UNKNOWN,GO,Brasil,OFFICIAL_COMPETITIVE,True,HIGH,HIGH,HIGH,HIGH,LOW,Futebol80,2237,2237.0,https://www.futebol80.com.br/links/times/goias/goiasjg.htm,,,,,historical_futebol80,,,,,UNKNOWN
hist-f80-2238,1994,1994-08-04,04/ago/1994,DAY,UNKNOWN,PLAYED,True,Campeonato Goiano,GOIANO,Goiano,,,Caldas-GO,Goiás,Caldas-GO,False,False,0.0,1.0,1.0,0.0,1 x 0,W,UNKNOWN,UNKNOWN,GO,Brasil,OFFICIAL_COMPETITIVE,True,HIGH,HIGH,HIGH,HIGH,LOW,Futebol80,2238,2238.0,https://www.futebol80.com.br/links/times/goias/goiasjg.htm,,,,,historical_futebol80,,,,,UNKNOWN
hist-f80-2242,1994,1994-08-17,17/ago/1994,DAY,UNKNOWN,PLAYED,True,Campeonato Goiano,GOIANO,Goiano,,,Goiás,Quirinópolis-GO,Quirinópolis-GO,True,False,4.0,0.0,4.0,0.0,4 x 0,W,UNKNOWN,UNKNOWN,GO,Brasil,OFFICIAL_COMPETITIVE,True,HIGH,HIGH,HIGH,HIGH,LOW,Futebol80,2242,2242.0,https://www.futebol80.com.br/links/times/goias/goiasjg.htm,,,,,historical_futebol80,Estádio Serra Dourada,Goiânia,MEDIUM,"INFERIDO, não confirmado. Mandante: Goiás (fonte: CSV (goias_is_home)). Em 1994 (Campeonato Goiano), todos os 2 jogos do Goiás como mandante com estádio confirmado foram em Estádio Serra Dourada (hist-f80-2217, hist-f80-2270).",UNKNOWN
hist-f80-2246,1994,1994-09-04,04/set/1994,DAY,UNKNOWN,PLAYED,True,Campeonato Goiano,GOIANO,Goiano,,,,,Atlético-GO,,True,,,3.0,2.0,3 x 2,W,UNKNOWN,UNKNOWN,GO,Brasil,OFFICIAL_COMPETITIVE,True,HIGH,HIGH,HIGH,HIGH,LOW,Futebol80,2246,2246.0,https://www.futebol80.com.br/links/times/goias/goiasjg.htm,,,,,historical_futebol80,Estádio Serra Dourada,Goiânia,MEDIUM,"INFERIDO, não confirmado. Mandante: Goiás (fonte: FdG ficha 25263 (Goiás 3 x 2 Atlético)). Em 1994 (Campeonato Goiano), todos os 2 jogos do Goiás como mandante com estádio confirmado foram em Estádio Serra Dourada (hist-f80-2217, hist-f80-2270).",UNKNOWN
hist-f80-2247,1994,1994-09-07,07/set/1994,DAY,UNKNOWN,PLAYED,True,Campeonato Goiano,GOIANO,Goiano,,,Caldas-GO,Goiás,Caldas-GO,False,False,1.0,1.0,1.0,1.0,1 x 1,D,UNKNOWN,UNKNOWN,GO,Brasil,OFFICIAL_COMPETITIVE,True,HIGH,HIGH,HIGH,HIGH,LOW,Futebol80,2247,2247.0,https://www.futebol80.com.br/links/times/goias/goiasjg.htm,,,,,historical_futebol80,,,,,UNKNOWN
hist-f80-2248,1994,1994-09-11,11/set/1994,DAY,UNKNOWN,PLAYED,True,Campeonato Goiano,GOIANO,Goiano,,,Anápolis-GO,Goiás,Anápolis-GO,False,False,1.0,3.0,3.0,1.0,3 x 1,W,UNKNOWN,UNKNOWN,GO,Brasil,OFFICIAL_COMPETITIVE,True,HIGH,HIGH,HIGH,HIGH,LOW,Futebol80,2248,2248.0,https://www.futebol80.com.br/links/times/goias/goiasjg.htm,,,,,historical_futebol80,,,,,UNKNOWN
hist-f80-2251,1994,1994-09-22,22/set/1994,DAY,UNKNOWN,PLAYED,True,Campeonato Goiano,GOIANO,Goiano,,,Goiás,Itumbiara-GO,Itumbiara-GO,True,False,2.0,0.0,2.0,0.0,2 x 0,W,UNKNOWN,UNKNOWN,GO,Brasil,OFFICIAL_COMPETITIVE,True,HIGH,HIGH,HIGH,HIGH,LOW,Futebol80,2251,2251.0,https://www.futebol80.com.br/links/times/goias/goiasjg.htm,,,,,historical_futebol80,Estádio Serra Dourada,Goiânia,MEDIUM,"INFERIDO, não confirmado. Mandante: Goiás (fonte: CSV (goias_is_home)). Em 1994 (Campeonato Goiano), todos os 2 jogos do Goiás como mandante com estádio confirmado foram em Estádio Serra Dourada (hist-f80-2217, hist-f80-2270).",UNKNOWN
hist-f80-2252,1994,1994-09-25,25/set/1994,DAY,UNKNOWN,PLAYED,True,Campeonato Brasileiro Série B,BRASILEIRO_B,Brasileiro-Série B,,,Barra do Garças-MT,Goiás,Barra do Garças-MT,False,False,0.0,1.0,1.0,0.0,1 x 0,W,UNKNOWN,UNKNOWN,GO,Brasil,OFFICIAL_COMPETITIVE,True,HIGH,HIGH,HIGH,HIGH,LOW,Futebol80,2252,2252.0,https://www.futebol80.com.br/links/times/goias/goiasjg.htm,,,,,historical_futebol80,,,,,UNKNOWN
hist-f80-2254,1994,1994-10-05,05/out/1994,DAY,UNKNOWN,PLAYED,True,Campeonato Goiano,GOIANO,Goiano,,,Goiás,Anápolis-GO,Anápolis-GO,True,False,3.0,0.0,3.0,0.0,3 x 0,W,UNKNOWN,UNKNOWN,GO,Brasil,OFFICIAL_COMPETITIVE,True,HIGH,HIGH,HIGH,HIGH,LOW,Futebol80,2254,2254.0,https://www.futebol80.com.br/links/times/goias/goiasjg.htm,,,,,historical_futebol80,Estádio Serra Dourada,Goiânia,MEDIUM,"INFERIDO, não confirmado. Mandante: Goiás (fonte: CSV (goias_is_home)). Em 1994 (Campeonato Goiano), todos os 2 jogos do Goiás como mandante com estádio confirmado foram em Estádio Serra Dourada (hist-f80-2217, hist-f80-2270).",UNKNOWN
hist-f80-2255,1994,1994-10-12,12/out/1994,DAY,UNKNOWN,PLAYED,True,Campeonato Goiano,GOIANO,Goiano,,,,,Atlético-GO,,True,,,2.0,4.0,2 x 4,L,UNKNOWN,UNKNOWN,GO,Brasil,OFFICIAL_COMPETITIVE,True,HIGH,HIGH,HIGH,HIGH,LOW,Futebol80,2255,2255.0,https://www.futebol80.com.br/links/times/goias/goiasjg.htm,,,,,historical_futebol80,,,,,UNKNOWN
hist-f80-2258,1994,1994-10-23,23/out/1994,DAY,UNKNOWN,PLAYED,True,Campeonato Brasileiro Série B,BRASILEIRO_B,Brasileiro-Série B,,,Mogi Mirim-SP,Goiás,Mogi Mirim-SP,False,False,1.0,1.0,1.0,1.0,1 x 1,D,UNKNOWN,UNKNOWN,GO,Brasil,OFFICIAL_COMPETITIVE,True,HIGH,HIGH,HIGH,HIGH,LOW,Futebol80,2258,2258.0,https://www.futebol80.com.br/links/times/goias/goiasjg.htm,,,,,historical_futebol80,,,,,UNKNOWN
hist-f80-2259,1994,1994-10-26,26/out/1994,DAY,UNKNOWN,PLAYED,True,Campeonato Goiano,GOIANO,Goiano,,,Goiás,Caldas-GO,Caldas-GO,True,False,1.0,0.0,1.0,0.0,1 x 0,W,UNKNOWN,UNKNOWN,GO,Brasil,OFFICIAL_COMPETITIVE,True,HIGH,HIGH,HIGH,HIGH,LOW,Futebol80,2259,2259.0,https://www.futebol80.com.br/links/times/goias/goiasjg.htm,,,,,historical_futebol80,Estádio Serra Dourada,Goiânia,MEDIUM,"INFERIDO, não confirmado. Mandante: Goiás (fonte: CSV (goias_is_home)). Em 1994 (Campeonato Goiano), todos os 2 jogos do Goiás como mandante com estádio confirmado foram em Estádio Serra Dourada (hist-f80-2217, hist-f80-2270).",UNKNOWN
hist-f80-2263,1994,1994-11-09,09/nov/1994,DAY,UNKNOWN,PLAYED,True,Campeonato Goiano,GOIANO,Goiano,,,Itumbiara-GO,Goiás,Itumbiara-GO,False,False,1.0,0.0,0.0,1.0,0 x 1,L,UNKNOWN,UNKNOWN,GO,Brasil,OFFICIAL_COMPETITIVE,True,HIGH,HIGH,HIGH,HIGH,LOW,Futebol80,2263,2263.0,https://www.futebol80.com.br/links/times/goias/goiasjg.htm,,,,,historical_futebol80,,,,,UNKNOWN
hist-f80-2266,1994,1994-11-23,23/nov/1994,DAY,UNKNOWN,PLAYED,True,Campeonato Goiano,GOIANO,Goiano,,,,,Atlético-GO,,True,,,3.0,2.0,3 x 2,W,UNKNOWN,UNKNOWN,GO,Brasil,OFFICIAL_COMPETITIVE,True,HIGH,HIGH,HIGH,HIGH,LOW,Futebol80,2266,2266.0,https://www.futebol80.com.br/links/times/goias/goiasjg.htm,,,,,historical_futebol80,,,,,UNKNOWN
hist-f80-2273,1995,1995-02-12,12/fev/1995,DAY,UNKNOWN,PLAYED,True,Campeonato Goiano,GOIANO,Goiano,,,CRAC-GO,Goiás,CRAC-GO,False,False,1.0,1.0,1.0,1.0,1 x 1,D,UNKNOWN,UNKNOWN,GO,Brasil,OFFICIAL_COMPETITIVE,True,HIGH,HIGH,HIGH,HIGH,LOW,Futebol80,2273,2273.0,https://www.futebol80.com.br/links/times/goias/goiasjg.htm,,,,,historical_futebol80,,,,,UNKNOWN
hist-f80-2275,1995,1995-02-19,19/fev/1995,DAY,UNKNOWN,PLAYED,True,Campeonato Goiano,GOIANO,Goiano,,,Anápolis-GO,Goiás,Anápolis-GO,False,False,1.0,3.0,3.0,1.0,3 x 1,W,UNKNOWN,UNKNOWN,GO,Brasil,OFFICIAL_COMPETITIVE,True,HIGH,HIGH,HIGH,HIGH,LOW,Futebol80,2275,2275.0,https://www.futebol80.com.br/links/times/goias/goiasjg.htm,,,,,historical_futebol80,,,,,UNKNOWN
hist-f80-2276,1995,1995-02-23,23/fev/1995,DAY,UNKNOWN,PLAYED,True,Campeonato Goiano,GOIANO,Goiano,,,Goiás,Inhumas-GO,Inhumas-GO,True,False,3.0,1.0,3.0,1.0,3 x 1,W,UNKNOWN,UNKNOWN,GO,Brasil,OFFICIAL_COMPETITIVE,True,HIGH,HIGH,HIGH,HIGH,LOW,Futebol80,2276,2276.0,https://www.futebol80.com.br/links/times/goias/goiasjg.htm,,,,,historical_futebol80,Estádio Serra Dourada,Goiânia,MEDIUM,"INFERIDO, não confirmado. Mandante: Goiás (fonte: CSV (goias_is_home)). Em 1995 (Campeonato Goiano), todos os 2 jogos do Goiás como mandante com estádio confirmado foram em Estádio Serra Dourada (hist-f80-2271, hist-f80-2291).",UNKNOWN
hist-f80-2279,1995,1995-03-08,08/mar/1995,DAY,UNKNOWN,PLAYED,True,Campeonato Goiano,GOIANO,Goiano,,,Anapolina-GO,Goiás,Anapolina-GO,False,False,0.0,2.0,2.0,0.0,2 x 0,W,UNKNOWN,UNKNOWN,GO,Brasil,OFFICIAL_COMPETITIVE,True,HIGH,HIGH,HIGH,HIGH,LOW,Futebol80,2279,2279.0,https://www.futebol80.com.br/links/times/goias/goiasjg.htm,,,,,historical_futebol80,,,,,UNKNOWN
hist-f80-2281,1995,1995-03-19,19/mar/1995,DAY,UNKNOWN,PLAYED,True,Campeonato Goiano,GOIANO,Goiano,,,Goiás,CRAC-GO,CRAC-GO,True,False,3.0,0.0,3.0,0.0,3 x 0,W,UNKNOWN,UNKNOWN,GO,Brasil,OFFICIAL_COMPETITIVE,True,HIGH,HIGH,HIGH,HIGH,LOW,Futebol80,2281,2281.0,https://www.futebol80.com.br/links/times/goias/goiasjg.htm,,,,,historical_futebol80,Estádio Serra Dourada,Goiânia,MEDIUM,"INFERIDO, não confirmado. Mandante: Goiás (fonte: CSV (goias_is_home)). Em 1995 (Campeonato Goiano), todos os 2 jogos do Goiás como mandante com estádio confirmado foram em Estádio Serra Dourada (hist-f80-2271, hist-f80-2291).",UNKNOWN
hist-f80-2282,1995,1995-03-22,22/mar/1995,DAY,UNKNOWN,PLAYED,True,Campeonato Goiano,GOIANO,Goiano,,,Goiás,Anápolis-GO,Anápolis-GO,True,False,2.0,2.0,2.0,2.0,2 x 2,D,UNKNOWN,UNKNOWN,GO,Brasil,OFFICIAL_COMPETITIVE,True,HIGH,HIGH,HIGH,HIGH,LOW,Futebol80,2282,2282.0,https://www.futebol80.com.br/links/times/goias/goiasjg.htm,,,,,historical_futebol80,Estádio Serra Dourada,Goiânia,MEDIUM,"INFERIDO, não confirmado. Mandante: Goiás (fonte: CSV (goias_is_home)). Em 1995 (Campeonato Goiano), todos os 2 jogos do Goiás como mandante com estádio confirmado foram em Estádio Serra Dourada (hist-f80-2271, hist-f80-2291).",UNKNOWN
hist-f80-2283,1995,1995-03-26,26/mar/1995,DAY,UNKNOWN,PLAYED,True,Campeonato Goiano,GOIANO,Goiano,,,Goiás,Anapolina-GO,Anapolina-GO,True,False,3.0,1.0,3.0,1.0,3 x 1,W,UNKNOWN,UNKNOWN,GO,Brasil,OFFICIAL_COMPETITIVE,True,HIGH,HIGH,HIGH,HIGH,LOW,Futebol80,2283,2283.0,https://www.futebol80.com.br/links/times/goias/goiasjg.htm,,,,,historical_futebol80,Estádio Serra Dourada,Goiânia,MEDIUM,"INFERIDO, não confirmado. Mandante: Goiás (fonte: CSV (goias_is_home)). Em 1995 (Campeonato Goiano), todos os 2 jogos do Goiás como mandante com estádio confirmado foram em Estádio Serra Dourada (hist-f80-2271, hist-f80-2291).",UNKNOWN
hist-f80-2284,1995,1995-03-30,30/mar/1995,DAY,UNKNOWN,PLAYED,True,Campeonato Goiano,GOIANO,Goiano,,,Inhumas-GO,Goiás,Inhumas-GO,False,False,0.0,1.0,1.0,0.0,1 x 0,W,UNKNOWN,UNKNOWN,GO,Brasil,OFFICIAL_COMPETITIVE,True,HIGH,HIGH,HIGH,HIGH,LOW,Futebol80,2284,2284.0,https://www.futebol80.com.br/links/times/goias/goiasjg.htm,,,,,historical_futebol80,,,,,UNKNOWN
hist-f80-2285,1995,1995-04-02,02/abr/1995,DAY,UNKNOWN,PLAYED,True,Campeonato Goiano,GOIANO,Goiano,,,,,Vila Nova-GO,,True,,,1.0,1.0,1 x 1,D,UNKNOWN,UNKNOWN,GO,Brasil,OFFICIAL_COMPETITIVE,True,HIGH,HIGH,HIGH,HIGH,LOW,Futebol80,2285,2285.0,https://www.futebol80.com.br/links/times/goias/goiasjg.htm,,,,,historical_futebol80,,,,,UNKNOWN
hist-f80-2286,1995,1995-04-05,05/abr/1995,DAY,UNKNOWN,PLAYED,True,Campeonato Goiano,GOIANO,Goiano,,,Goiás,Jataiense-GO,Jataiense-GO,True,False,1.0,0.0,1.0,0.0,1 x 0,W,UNKNOWN,UNKNOWN,GO,Brasil,OFFICIAL_COMPETITIVE,True,HIGH,HIGH,HIGH,HIGH,LOW,Futebol80,2286,2286.0,https://www.futebol80.com.br/links/times/goias/goiasjg.htm,,,,,historical_futebol80,Estádio Serra Dourada,Goiânia,MEDIUM,"INFERIDO, não confirmado. Mandante: Goiás (fonte: CSV (goias_is_home)). Em 1995 (Campeonato Goiano), todos os 2 jogos do Goiás como mandante com estádio confirmado foram em Estádio Serra Dourada (hist-f80-2271, hist-f80-2291).",UNKNOWN
hist-f80-2287,1995,1995-04-08,08/abr/1995,DAY,UNKNOWN,PLAYED,True,Campeonato Goiano,GOIANO,Goiano,,,Rio Verde-GO,Goiás,Rio Verde-GO,False,False,1.0,1.0,1.0,1.0,1 x 1,D,UNKNOWN,UNKNOWN,GO,Brasil,OFFICIAL_COMPETITIVE,True,HIGH,HIGH,HIGH,HIGH,LOW,Futebol80,2287,2287.0,https://www.futebol80.com.br/links/times/goias/goiasjg.htm,,,,,historical_futebol80,,,,,UNKNOWN
hist-f80-2288,1995,1995-04-12,12/abr/1995,DAY,UNKNOWN,PLAYED,True,Campeonato Goiano,GOIANO,Goiano,,,Goiás,Jataiense-GO,Jataiense-GO,True,False,1.0,1.0,1.0,1.0,1 x 1,D,UNKNOWN,UNKNOWN,GO,Brasil,OFFICIAL_COMPETITIVE,True,HIGH,HIGH,HIGH,HIGH,LOW,Futebol80,2288,2288.0,https://www.futebol80.com.br/links/times/goias/goiasjg.htm,,,,,historical_futebol80,Estádio Serra Dourada,Goiânia,MEDIUM,"INFERIDO, não confirmado. Mandante: Goiás (fonte: CSV (goias_is_home)). Em 1995 (Campeonato Goiano), todos os 2 jogos do Goiás como mandante com estádio confirmado foram em Estádio Serra Dourada (hist-f80-2271, hist-f80-2291).",UNKNOWN
hist-f80-2289,1995,1995-04-16,16/abr/1995,DAY,UNKNOWN,PLAYED,True,Campeonato Goiano,GOIANO,Goiano,,,Itumbiara-GO,Goiás,Itumbiara-GO,False,False,0.0,2.0,2.0,0.0,2 x 0,W,UNKNOWN,UNKNOWN,GO,Brasil,OFFICIAL_COMPETITIVE,True,HIGH,HIGH,HIGH,HIGH,LOW,Futebol80,2289,2289.0,https://www.futebol80.com.br/links/times/goias/goiasjg.htm,,,,,historical_futebol80,,,,,UNKNOWN
hist-f80-2290,1995,1995-04-19,19/abr/1995,DAY,UNKNOWN,PLAYED,True,Campeonato Goiano,GOIANO,Goiano,,,Goiás,Anápolis-GO,Anápolis-GO,True,False,0.0,0.0,0.0,0.0,0 x 0,D,UNKNOWN,UNKNOWN,GO,Brasil,OFFICIAL_COMPETITIVE,True,HIGH,HIGH,HIGH,HIGH,LOW,Futebol80,2290,2290.0,https://www.futebol80.com.br/links/times/goias/goiasjg.htm,,,,,historical_futebol80,Estádio Serra Dourada,Goiânia,MEDIUM,"INFERIDO, não confirmado. Mandante: Goiás (fonte: CSV (goias_is_home)). Em 1995 (Campeonato Goiano), todos os 2 jogos do Goiás como mandante com estádio confirmado foram em Estádio Serra Dourada (hist-f80-2271, hist-f80-2291).",UNKNOWN
hist-f80-2292,1995,1995-04-26,26/abr/1995,DAY,UNKNOWN,PLAYED,True,Campeonato Goiano,GOIANO,Goiano,,,América de Morrinhos-GO,Goiás,América de Morrinhos-GO,False,False,2.0,2.0,2.0,2.0,2 x 2,D,UNKNOWN,UNKNOWN,GO,Brasil,OFFICIAL_COMPETITIVE,True,HIGH,HIGH,HIGH,HIGH,LOW,Futebol80,2292,2292.0,https://www.futebol80.com.br/links/times/goias/goiasjg.htm,,,,,historical_futebol80,,,,,UNKNOWN
hist-f80-2293,1995,1995-04-30,30/abr/1995,DAY,UNKNOWN,PLAYED,True,Campeonato Goiano,GOIANO,Goiano,,,,,Vila Nova-GO,,True,,,0.0,0.0,0 x 0,D,UNKNOWN,UNKNOWN,GO,Brasil,OFFICIAL_COMPETITIVE,True,HIGH,HIGH,HIGH,HIGH,LOW,Futebol80,2293,2293.0,https://www.futebol80.com.br/links/times/goias/goiasjg.htm,,,,,historical_futebol80,,,,,UNKNOWN
hist-f80-2294,1995,1995-05-03,03/mai/1995,DAY,UNKNOWN,PLAYED,True,Campeonato Goiano,GOIANO,Goiano,,,CRAC-GO,Goiás,CRAC-GO,False,False,0.0,0.0,0.0,0.0,0 x 0,D,UNKNOWN,UNKNOWN,GO,Brasil,OFFICIAL_COMPETITIVE,True,HIGH,HIGH,HIGH,HIGH,LOW,Futebol80,2294,2294.0,https://www.futebol80.com.br/links/times/goias/goiasjg.htm,,,,,historical_futebol80,,,,,UNKNOWN
hist-f80-2295,1995,1995-05-07,07/mai/1995,DAY,UNKNOWN,PLAYED,True,Campeonato Goiano,GOIANO,Goiano,,,Caldas-GO,Goiás,Caldas-GO,False,False,2.0,1.0,1.0,2.0,1 x 2,L,UNKNOWN,UNKNOWN,GO,Brasil,OFFICIAL_COMPETITIVE,True,HIGH,HIGH,HIGH,HIGH,LOW,Futebol80,2295,2295.0,https://www.futebol80.com.br/links/times/goias/goiasjg.htm,,,,,historical_futebol80,,,,,UNKNOWN
hist-f80-2296,1995,1995-05-14,14/mai/1995,DAY,UNKNOWN,PLAYED,True,Campeonato Goiano,GOIANO,Goiano,,,Goiás,Rio Verde-GO,Rio Verde-GO,True,False,1.0,1.0,1.0,1.0,1 x 1,D,UNKNOWN,UNKNOWN,GO,Brasil,OFFICIAL_COMPETITIVE,True,HIGH,HIGH,HIGH,HIGH,LOW,Futebol80,2296,2296.0,https://www.futebol80.com.br/links/times/goias/goiasjg.htm,,,,,historical_futebol80,Estádio Serra Dourada,Goiânia,MEDIUM,"INFERIDO, não confirmado. Mandante: Goiás (fonte: CSV (goias_is_home)). Em 1995 (Campeonato Goiano), todos os 2 jogos do Goiás como mandante com estádio confirmado foram em Estádio Serra Dourada (hist-f80-2271, hist-f80-2291).",UNKNOWN
hist-f80-2297,1995,1995-05-17,17/mai/1995,DAY,UNKNOWN,PLAYED,True,Campeonato Goiano,GOIANO,Goiano,,,Jataiense-GO,Goiás,Jataiense-GO,False,False,1.0,1.0,1.0,1.0,1 x 1,D,UNKNOWN,UNKNOWN,GO,Brasil,OFFICIAL_COMPETITIVE,True,HIGH,HIGH,HIGH,HIGH,LOW,Futebol80,2297,2297.0,https://www.futebol80.com.br/links/times/goias/goiasjg.htm,,,,,historical_futebol80,,,,,UNKNOWN
hist-f80-2298,1995,1995-05-21,21/mai/1995,DAY,UNKNOWN,PLAYED,True,Campeonato Goiano,GOIANO,Goiano,,,Goiás,Itumbiara-GO,Itumbiara-GO,True,False,1.0,1.0,1.0,1.0,1 x 1,D,UNKNOWN,UNKNOWN,GO,Brasil,OFFICIAL_COMPETITIVE,True,HIGH,HIGH,HIGH,HIGH,LOW,Futebol80,2298,2298.0,https://www.futebol80.com.br/links/times/goias/goiasjg.htm,,,,,historical_futebol80,Estádio Serra Dourada,Goiânia,MEDIUM,"INFERIDO, não confirmado. Mandante: Goiás (fonte: CSV (goias_is_home)). Em 1995 (Campeonato Goiano), todos os 2 jogos do Goiás como mandante com estádio confirmado foram em Estádio Serra Dourada (hist-f80-2271, hist-f80-2291).",UNKNOWN
hist-f80-2299,1995,1995-05-24,24/mai/1995,DAY,UNKNOWN,PLAYED,True,Campeonato Goiano,GOIANO,Goiano,,,Anápolis-GO,Goiás,Anápolis-GO,False,False,2.0,1.0,1.0,2.0,1 x 2,L,UNKNOWN,UNKNOWN,GO,Brasil,OFFICIAL_COMPETITIVE,True,HIGH,HIGH,HIGH,HIGH,LOW,Futebol80,2299,2299.0,https://www.futebol80.com.br/links/times/goias/goiasjg.htm,,,,,historical_futebol80,,,,,UNKNOWN
hist-f80-2301,1995,1995-06-01,01/jun/1995,DAY,UNKNOWN,PLAYED,True,Campeonato Goiano,GOIANO,Goiano,,,Goiás,América de Morrinhos-GO,América de Morrinhos-GO,True,False,4.0,0.0,4.0,0.0,4 x 0,W,UNKNOWN,UNKNOWN,GO,Brasil,OFFICIAL_COMPETITIVE,True,HIGH,HIGH,HIGH,HIGH,LOW,Futebol80,2301,2301.0,https://www.futebol80.com.br/links/times/goias/goiasjg.htm,,,,,historical_futebol80,Estádio Serra Dourada,Goiânia,MEDIUM,"INFERIDO, não confirmado. Mandante: Goiás (fonte: CSV (goias_is_home)). Em 1995 (Campeonato Goiano), todos os 2 jogos do Goiás como mandante com estádio confirmado foram em Estádio Serra Dourada (hist-f80-2271, hist-f80-2291).",UNKNOWN
hist-f80-2302,1995,1995-06-04,04/jun/1995,DAY,UNKNOWN,PLAYED,True,Campeonato Goiano,GOIANO,Goiano,,,,,Vila Nova-GO,,True,,,3.0,2.0,3 x 2,W,UNKNOWN,UNKNOWN,GO,Brasil,OFFICIAL_COMPETITIVE,True,HIGH,HIGH,HIGH,HIGH,LOW,Futebol80,2302,2302.0,https://www.futebol80.com.br/links/times/goias/goiasjg.htm,,,,,historical_futebol80,,,,,UNKNOWN
hist-f80-2303,1995,1995-06-07,07/jun/1995,DAY,UNKNOWN,PLAYED,True,Campeonato Goiano,GOIANO,Goiano,,,Goiás,CRAC-GO,CRAC-GO,True,False,1.0,1.0,1.0,1.0,1 x 1,D,UNKNOWN,UNKNOWN,GO,Brasil,OFFICIAL_COMPETITIVE,True,HIGH,HIGH,HIGH,HIGH,LOW,Futebol80,2303,2303.0,https://www.futebol80.com.br/links/times/goias/goiasjg.htm,,,,,historical_futebol80,Estádio Serra Dourada,Goiânia,MEDIUM,"INFERIDO, não confirmado. Mandante: Goiás (fonte: CSV (goias_is_home)). Em 1995 (Campeonato Goiano), todos os 2 jogos do Goiás como mandante com estádio confirmado foram em Estádio Serra Dourada (hist-f80-2271, hist-f80-2291).",UNKNOWN
hist-f80-2304,1995,1995-06-11,11/jun/1995,DAY,UNKNOWN,PLAYED,True,Campeonato Goiano,GOIANO,Goiano,,,Goiás,Caldas-GO,Caldas-GO,True,False,2.0,0.0,2.0,0.0,2 x 0,W,UNKNOWN,UNKNOWN,GO,Brasil,OFFICIAL_COMPETITIVE,True,HIGH,HIGH,HIGH,HIGH,LOW,Futebol80,2304,2304.0,https://www.futebol80.com.br/links/times/goias/goiasjg.htm,,,,,historical_futebol80,Estádio Serra Dourada,Goiânia,MEDIUM,"INFERIDO, não confirmado. Mandante: Goiás (fonte: CSV (goias_is_home)). Em 1995 (Campeonato Goiano), todos os 2 jogos do Goiás como mandante com estádio confirmado foram em Estádio Serra Dourada (hist-f80-2271, hist-f80-2291).",UNKNOWN
hist-f80-2305,1995,1995-06-15,15/jun/1995,DAY,UNKNOWN,PLAYED,True,Campeonato Goiano,GOIANO,Goiano,,,Goiatuba-GO,Goiás,Goiatuba-GO,False,False,1.0,1.0,1.0,1.0,1 x 1,D,UNKNOWN,UNKNOWN,GO,Brasil,OFFICIAL_COMPETITIVE,True,HIGH,HIGH,HIGH,HIGH,LOW,Futebol80,2305,2305.0,https://www.futebol80.com.br/links/times/goias/goiasjg.htm,,,,,historical_futebol80,,,,,UNKNOWN
hist-f80-2306,1995,1995-06-18,18/jun/1995,DAY,UNKNOWN,PLAYED,True,Campeonato Goiano,GOIANO,Goiano,,,CRAC-GO,Goiás,CRAC-GO,False,False,2.0,1.0,1.0,2.0,1 x 2,L,UNKNOWN,UNKNOWN,GO,Brasil,OFFICIAL_COMPETITIVE,True,HIGH,HIGH,HIGH,HIGH,LOW,Futebol80,2306,2306.0,https://www.futebol80.com.br/links/times/goias/goiasjg.htm,,,,,historical_futebol80,,,,,UNKNOWN
hist-f80-2307,1995,1995-06-22,22/jun/1995,DAY,UNKNOWN,PLAYED,True,Campeonato Goiano,GOIANO,Goiano,,,Goiás,Goiatuba-GO,Goiatuba-GO,True,False,2.0,0.0,2.0,0.0,2 x 0,W,UNKNOWN,UNKNOWN,GO,Brasil,OFFICIAL_COMPETITIVE,True,HIGH,HIGH,HIGH,HIGH,LOW,Futebol80,2307,2307.0,https://www.futebol80.com.br/links/times/goias/goiasjg.htm,,,,,historical_futebol80,Estádio Serra Dourada,Goiânia,MEDIUM,"INFERIDO, não confirmado. Mandante: Goiás (fonte: CSV (goias_is_home)). Em 1995 (Campeonato Goiano), todos os 2 jogos do Goiás como mandante com estádio confirmado foram em Estádio Serra Dourada (hist-f80-2271, hist-f80-2291).",UNKNOWN
hist-f80-2308,1995,1995-06-27,27/jun/1995,DAY,UNKNOWN,PLAYED,True,Campeonato Goiano,GOIANO,Goiano,,,,,Vila Nova-GO,,True,,,1.0,1.0,1 x 1,D,UNKNOWN,UNKNOWN,GO,Brasil,OFFICIAL_COMPETITIVE,True,HIGH,HIGH,HIGH,HIGH,LOW,Futebol80,2308,2308.0,https://www.futebol80.com.br/links/times/goias/goiasjg.htm,,,,,historical_futebol80,,,,,UNKNOWN
hist-f80-2309,1995,1995-07-02,02/jul/1995,DAY,UNKNOWN,PLAYED,True,Campeonato Goiano,GOIANO,Goiano,,,Goiatuba-GO,Goiás,Goiatuba-GO,False,False,2.0,0.0,0.0,2.0,0 x 2,L,UNKNOWN,UNKNOWN,GO,Brasil,OFFICIAL_COMPETITIVE,True,HIGH,HIGH,HIGH,HIGH,LOW,Futebol80,2309,2309.0,https://www.futebol80.com.br/links/times/goias/goiasjg.htm,,,,,historical_futebol80,,,,,UNKNOWN
hist-f80-2310,1995,1995-07-05,05/jul/1995,DAY,UNKNOWN,PLAYED,True,Campeonato Goiano,GOIANO,Goiano,,,Goiás,CRAC-GO,CRAC-GO,True,False,2.0,0.0,2.0,0.0,2 x 0,W,UNKNOWN,UNKNOWN,GO,Brasil,OFFICIAL_COMPETITIVE,True,HIGH,HIGH,HIGH,HIGH,LOW,Futebol80,2310,2310.0,https://www.futebol80.com.br/links/times/goias/goiasjg.htm,,,,,historical_futebol80,Estádio Serra Dourada,Goiânia,MEDIUM,"INFERIDO, não confirmado. Mandante: Goiás (fonte: CSV (goias_is_home)). Em 1995 (Campeonato Goiano), todos os 2 jogos do Goiás como mandante com estádio confirmado foram em Estádio Serra Dourada (hist-f80-2271, hist-f80-2291).",UNKNOWN
hist-f80-2311,1995,1995-07-09,09/jul/1995,DAY,UNKNOWN,PLAYED,True,Campeonato Goiano,GOIANO,Goiano,,,,,Vila Nova-GO,,True,,,3.0,3.0,3 x 3,D,UNKNOWN,UNKNOWN,GO,Brasil,OFFICIAL_COMPETITIVE,True,HIGH,HIGH,HIGH,HIGH,LOW,Futebol80,2311,2311.0,https://www.futebol80.com.br/links/times/goias/goiasjg.htm,,,,,historical_futebol80,Estádio Serra Dourada,Goiânia,MEDIUM,"INFERIDO, não confirmado. Mandante: Goiás (fonte: FdG ficha 25494 (Goiás 3 x 3 Vila Nova)). Em 1995 (Campeonato Goiano), todos os 2 jogos do Goiás como mandante com estádio confirmado foram em Estádio Serra Dourada (hist-f80-2271, hist-f80-2291).",UNKNOWN
hist-f80-2343,1996,1996-01-28,28/jan/1996,DAY,UNKNOWN,PLAYED,True,Campeonato Goiano,GOIANO,Goiano,,,Anapolina-GO,Goiás,Anapolina-GO,False,False,0.0,2.0,2.0,0.0,2 x 0,W,UNKNOWN,UNKNOWN,GO,Brasil,OFFICIAL_COMPETITIVE,True,HIGH,HIGH,HIGH,HIGH,LOW,Futebol80,2343,2343.0,https://www.futebol80.com.br/links/times/goias/goiasjg.htm,,,,,historical_futebol80,,,,,UNKNOWN
hist-f80-2347,1996,1996-02-15,15/fev/1996,DAY,UNKNOWN,PLAYED,True,Campeonato Goiano,GOIANO,Goiano,,,CRAC-GO,Goiás,CRAC-GO,False,False,0.0,0.0,0.0,0.0,0 x 0,D,UNKNOWN,UNKNOWN,GO,Brasil,OFFICIAL_COMPETITIVE,True,HIGH,HIGH,HIGH,HIGH,LOW,Futebol80,2347,2347.0,https://www.futebol80.com.br/links/times/goias/goiasjg.htm,,,,,historical_futebol80,,,,,UNKNOWN
hist-f80-2348,1996,1996-02-21,21/fev/1996,DAY,UNKNOWN,PLAYED,True,Campeonato Goiano,GOIANO,Goiano,,,Goiás,Santa Helena-GO,Santa Helena-GO,True,False,2.0,0.0,2.0,0.0,2 x 0,W,UNKNOWN,UNKNOWN,GO,Brasil,OFFICIAL_COMPETITIVE,True,HIGH,HIGH,HIGH,HIGH,LOW,Futebol80,2348,2348.0,https://www.futebol80.com.br/links/times/goias/goiasjg.htm,,,,,historical_futebol80,,,,,UNKNOWN
hist-f80-2349,1996,1996-02-25,25/fev/1996,DAY,UNKNOWN,PLAYED,True,Campeonato Goiano,GOIANO,Goiano,,,Jataiense-GO,Goiás,Jataiense-GO,False,False,0.0,3.0,3.0,0.0,3 x 0,W,UNKNOWN,UNKNOWN,GO,Brasil,OFFICIAL_COMPETITIVE,True,HIGH,HIGH,HIGH,HIGH,LOW,Futebol80,2349,2349.0,https://www.futebol80.com.br/links/times/goias/goiasjg.htm,,,,,historical_futebol80,,,,,UNKNOWN
hist-f80-2350,1996,1996-02-28,28/fev/1996,DAY,UNKNOWN,PLAYED,True,Campeonato Goiano,GOIANO,Goiano,,,Goiás,Itumbiara-GO,Itumbiara-GO,True,False,1.0,1.0,1.0,1.0,1 x 1,D,UNKNOWN,UNKNOWN,GO,Brasil,OFFICIAL_COMPETITIVE,True,HIGH,HIGH,HIGH,HIGH,LOW,Futebol80,2350,2350.0,https://www.futebol80.com.br/links/times/goias/goiasjg.htm,,,,,historical_futebol80,,,,,UNKNOWN
hist-f80-2353,1996,1996-03-07,07/mar/1996,DAY,UNKNOWN,PLAYED,True,Campeonato Goiano,GOIANO,Goiano,,,Goiás,Goiatuba-GO,Goiatuba-GO,True,False,1.0,1.0,1.0,1.0,1 x 1,D,UNKNOWN,UNKNOWN,GO,Brasil,OFFICIAL_COMPETITIVE,True,HIGH,HIGH,HIGH,HIGH,LOW,Futebol80,2353,2353.0,https://www.futebol80.com.br/links/times/goias/goiasjg.htm,,,,,historical_futebol80,,,,,UNKNOWN
hist-f80-2356,1996,1996-03-15,15/mar/1996,DAY,UNKNOWN,PLAYED,True,Campeonato Goiano,GOIANO,Goiano,,,Anápolis-GO,Goiás,Anápolis-GO,False,False,1.0,1.0,1.0,1.0,1 x 1,D,UNKNOWN,UNKNOWN,GO,Brasil,OFFICIAL_COMPETITIVE,True,HIGH,HIGH,HIGH,HIGH,LOW,Futebol80,2356,2356.0,https://www.futebol80.com.br/links/times/goias/goiasjg.htm,,,,,historical_futebol80,,,,,UNKNOWN
hist-f80-2357,1996,1996-03-17,17/mar/1996,DAY,UNKNOWN,PLAYED,True,Campeonato Goiano,GOIANO,Goiano,,,Goiás,América de Morrinhos-GO,América de Morrinhos-GO,True,False,1.0,0.0,1.0,0.0,1 x 0,W,UNKNOWN,UNKNOWN,GO,Brasil,OFFICIAL_COMPETITIVE,True,HIGH,HIGH,HIGH,HIGH,LOW,Futebol80,2357,2357.0,https://www.futebol80.com.br/links/times/goias/goiasjg.htm,,,,,historical_futebol80,,,,,UNKNOWN
hist-f80-2359,1996,1996-03-24,24/mar/1996,DAY,UNKNOWN,PLAYED,True,Campeonato Goiano,GOIANO,Goiano,,,Goiás,Anapolina-GO,Anapolina-GO,True,False,5.0,1.0,5.0,1.0,5 x 1,W,UNKNOWN,UNKNOWN,GO,Brasil,OFFICIAL_COMPETITIVE,True,HIGH,HIGH,HIGH,HIGH,LOW,Futebol80,2359,2359.0,https://www.futebol80.com.br/links/times/goias/goiasjg.htm,,,,,historical_futebol80,,,,,UNKNOWN
hist-f80-2360,1996,1996-03-31,31/mar/1996,DAY,UNKNOWN,PLAYED,True,Campeonato Goiano,GOIANO,Goiano,,,Caldas-GO,Goiás,Caldas-GO,False,False,0.0,0.0,0.0,0.0,0 x 0,D,UNKNOWN,UNKNOWN,GO,Brasil,OFFICIAL_COMPETITIVE,True,HIGH,HIGH,HIGH,HIGH,LOW,Futebol80,2360,2360.0,https://www.futebol80.com.br/links/times/goias/goiasjg.htm,,,,,historical_futebol80,,,,,UNKNOWN
hist-f80-2361,1996,1996-04-10,10/abr/1996,DAY,UNKNOWN,PLAYED,True,Campeonato Goiano,GOIANO,Goiano,,,Goiás,CRAC-GO,CRAC-GO,True,False,3.0,0.0,3.0,0.0,3 x 0,W,UNKNOWN,UNKNOWN,GO,Brasil,OFFICIAL_COMPETITIVE,True,HIGH,HIGH,HIGH,HIGH,LOW,Futebol80,2361,2361.0,https://www.futebol80.com.br/links/times/goias/goiasjg.htm,,,,,historical_futebol80,,,,,UNKNOWN
hist-f80-2362,1996,1996-04-14,14/abr/1996,DAY,UNKNOWN,PLAYED,True,Campeonato Goiano,GOIANO,Goiano,,,Santa Helena-GO,Goiás,Santa Helena-GO,False,False,0.0,2.0,2.0,0.0,2 x 0,W,UNKNOWN,UNKNOWN,GO,Brasil,OFFICIAL_COMPETITIVE,True,HIGH,HIGH,HIGH,HIGH,LOW,Futebol80,2362,2362.0,https://www.futebol80.com.br/links/times/goias/goiasjg.htm,,,,,historical_futebol80,,,,,UNKNOWN
hist-f80-2364,1996,1996-04-24,24/abr/1996,DAY,UNKNOWN,PLAYED,True,Campeonato Goiano,GOIANO,Goiano,,,Goiás,Jataiense-GO,Jataiense-GO,True,False,0.0,0.0,0.0,0.0,0 x 0,D,UNKNOWN,UNKNOWN,GO,Brasil,OFFICIAL_COMPETITIVE,True,HIGH,HIGH,HIGH,HIGH,LOW,Futebol80,2364,2364.0,https://www.futebol80.com.br/links/times/goias/goiasjg.htm,,,,,historical_futebol80,,,,,UNKNOWN
hist-f80-2366,1996,1996-05-01,01/mai/1996,DAY,UNKNOWN,PLAYED,True,Campeonato Goiano,GOIANO,Goiano,,,Goiatuba-GO,Goiás,Goiatuba-GO,False,False,0.0,2.0,2.0,0.0,2 x 0,W,UNKNOWN,UNKNOWN,GO,Brasil,OFFICIAL_COMPETITIVE,True,HIGH,HIGH,HIGH,HIGH,LOW,Futebol80,2366,2366.0,https://www.futebol80.com.br/links/times/goias/goiasjg.htm,,,,,historical_futebol80,,,,,UNKNOWN
hist-f80-2367,1996,1996-05-05,05/mai/1996,DAY,UNKNOWN,PLAYED,True,Campeonato Goiano,GOIANO,Goiano,,,Itumbiara-GO,Goiás,Itumbiara-GO,False,False,0.0,0.0,0.0,0.0,0 x 0,D,UNKNOWN,UNKNOWN,GO,Brasil,OFFICIAL_COMPETITIVE,True,HIGH,HIGH,HIGH,HIGH,LOW,Futebol80,2367,2367.0,https://www.futebol80.com.br/links/times/goias/goiasjg.htm,,,,,historical_futebol80,,,,,UNKNOWN
hist-f80-2368,1996,1996-05-08,08/mai/1996,DAY,UNKNOWN,PLAYED,True,Campeonato Goiano,GOIANO,Goiano,,,Goiás,Anápolis-GO,Anápolis-GO,True,False,0.0,0.0,0.0,0.0,0 x 0,D,UNKNOWN,UNKNOWN,GO,Brasil,OFFICIAL_COMPETITIVE,True,HIGH,HIGH,HIGH,HIGH,LOW,Futebol80,2368,2368.0,https://www.futebol80.com.br/links/times/goias/goiasjg.htm,,,,,historical_futebol80,,,,,UNKNOWN
hist-f80-2369,1996,1996-05-12,12/mai/1996,DAY,UNKNOWN,PLAYED,True,Campeonato Goiano,GOIANO,Goiano,,,América de Morrinhos-GO,Goiás,América de Morrinhos-GO,False,False,0.0,2.0,2.0,0.0,2 x 0,W,UNKNOWN,UNKNOWN,GO,Brasil,OFFICIAL_COMPETITIVE,True,HIGH,HIGH,HIGH,HIGH,LOW,Futebol80,2369,2369.0,https://www.futebol80.com.br/links/times/goias/goiasjg.htm,,,,,historical_futebol80,,,,,UNKNOWN
hist-f80-2370,1996,1996-05-15,15/mai/1996,DAY,UNKNOWN,PLAYED,True,Campeonato Goiano,GOIANO,Goiano,,,Anápolis-GO,Goiás,Anápolis-GO,False,False,0.0,0.0,0.0,0.0,0 x 0,D,UNKNOWN,UNKNOWN,GO,Brasil,OFFICIAL_COMPETITIVE,True,HIGH,HIGH,HIGH,HIGH,LOW,Futebol80,2370,2370.0,https://www.futebol80.com.br/links/times/goias/goiasjg.htm,,,,,historical_futebol80,,,,,UNKNOWN
hist-f80-2372,1996,1996-05-22,22/mai/1996,DAY,UNKNOWN,PLAYED,True,Campeonato Goiano,GOIANO,Goiano,,,Itumbiara-GO,Goiás,Itumbiara-GO,False,False,0.0,1.0,1.0,0.0,1 x 0,W,UNKNOWN,UNKNOWN,GO,Brasil,OFFICIAL_COMPETITIVE,True,HIGH,HIGH,HIGH,HIGH,LOW,Futebol80,2372,2372.0,https://www.futebol80.com.br/links/times/goias/goiasjg.htm,,,,,historical_futebol80,,,,,UNKNOWN
hist-f80-2373,1996,1996-05-26,26/mai/1996,DAY,UNKNOWN,PLAYED,True,Campeonato Goiano,GOIANO,Goiano,,,Goiás,Anápolis-GO,Anápolis-GO,True,False,2.0,0.0,2.0,0.0,2 x 0,W,UNKNOWN,UNKNOWN,GO,Brasil,OFFICIAL_COMPETITIVE,True,HIGH,HIGH,HIGH,HIGH,LOW,Futebol80,2373,2373.0,https://www.futebol80.com.br/links/times/goias/goiasjg.htm,,,,,historical_futebol80,,,,,UNKNOWN
hist-f80-2374,1996,1996-05-29,29/mai/1996,DAY,UNKNOWN,PLAYED,True,Campeonato Goiano,GOIANO,Goiano,,,Goiás,Santa Helena-GO,Santa Helena-GO,True,False,0.0,0.0,0.0,0.0,0 x 0,D,UNKNOWN,UNKNOWN,GO,Brasil,OFFICIAL_COMPETITIVE,True,HIGH,HIGH,HIGH,HIGH,LOW,Futebol80,2374,2374.0,https://www.futebol80.com.br/links/times/goias/goiasjg.htm,,,,,historical_futebol80,,,,,UNKNOWN
hist-f80-2377,1996,1996-06-12,12/jun/1996,DAY,UNKNOWN,PLAYED,True,Campeonato Goiano,GOIANO,Goiano,,,Goiás,Itumbiara-GO,Itumbiara-GO,True,False,4.0,0.0,4.0,0.0,4 x 0,W,UNKNOWN,UNKNOWN,GO,Brasil,OFFICIAL_COMPETITIVE,True,HIGH,HIGH,HIGH,HIGH,LOW,Futebol80,2377,2377.0,https://www.futebol80.com.br/links/times/goias/goiasjg.htm,,,,,historical_futebol80,,,,,UNKNOWN
hist-f80-2378,1996,1996-06-16,16/jun/1996,DAY,UNKNOWN,PLAYED,True,Campeonato Goiano,GOIANO,Goiano,,,Anápolis-GO,Goiás,Anápolis-GO,False,False,1.0,0.0,0.0,1.0,0 x 1,L,UNKNOWN,UNKNOWN,GO,Brasil,OFFICIAL_COMPETITIVE,True,HIGH,HIGH,HIGH,HIGH,LOW,Futebol80,2378,2378.0,https://www.futebol80.com.br/links/times/goias/goiasjg.htm,,,,,historical_futebol80,,,,,UNKNOWN
hist-f80-2379,1996,1996-06-20,20/jun/1996,DAY,UNKNOWN,PLAYED,True,Campeonato Goiano,GOIANO,Goiano,,,Santa Helena-GO,Goiás,Santa Helena-GO,False,False,0.0,1.0,1.0,0.0,1 x 0,W,UNKNOWN,UNKNOWN,GO,Brasil,OFFICIAL_COMPETITIVE,True,HIGH,HIGH,HIGH,HIGH,LOW,Futebol80,2379,2379.0,https://www.futebol80.com.br/links/times/goias/goiasjg.htm,,,,,historical_futebol80,,,,,UNKNOWN
hist-f80-2412,1997,1997-01-26,26/jan/1997,DAY,UNKNOWN,PLAYED,True,Campeonato Goiano,GOIANO,Goiano,,,CRAC-GO,Goiás,CRAC-GO,False,False,2.0,0.0,0.0,2.0,0 x 2,L,UNKNOWN,UNKNOWN,GO,Brasil,OFFICIAL_COMPETITIVE,True,HIGH,HIGH,HIGH,HIGH,LOW,Futebol80,2412,2412.0,https://www.futebol80.com.br/links/times/goias/goiasjg.htm,,,,,historical_futebol80,,,,,UNKNOWN
hist-f80-2413,1997,1997-01-29,29/jan/1997,DAY,UNKNOWN,PLAYED,True,Campeonato Goiano,GOIANO,Goiano,,,,,Goiânia-GO,,True,,,4.0,0.0,4 x 0,W,UNKNOWN,UNKNOWN,GO,Brasil,OFFICIAL_COMPETITIVE,True,HIGH,HIGH,HIGH,HIGH,LOW,Futebol80,2413,2413.0,https://www.futebol80.com.br/links/times/goias/goiasjg.htm,,,,,historical_futebol80,Estádio Serra Dourada,Goiânia,MEDIUM,"INFERIDO, não confirmado. Mandante: Goiás (fonte: FdG ficha 25704 (Goiás 4 x 0 Goiânia)). Em 1997 (Campeonato Goiano), todos os 5 jogos do Goiás como mandante com estádio confirmado foram em Estádio Serra Dourada (hist-f80-2422, hist-f80-2432, hist-f80-2440, hist-f80-2445, hist-f80-2447).",UNKNOWN
hist-f80-2414,1997,1997-02-02,02/fev/1997,DAY,UNKNOWN,PLAYED,True,Campeonato Goiano,GOIANO,Goiano,,,Goiás,América de Morrinhos-GO,América de Morrinhos-GO,True,False,2.0,0.0,2.0,0.0,2 x 0,W,UNKNOWN,UNKNOWN,GO,Brasil,OFFICIAL_COMPETITIVE,True,HIGH,HIGH,HIGH,HIGH,LOW,Futebol80,2414,2414.0,https://www.futebol80.com.br/links/times/goias/goiasjg.htm,,,,,historical_futebol80,Estádio Serra Dourada,Goiânia,MEDIUM,"INFERIDO, não confirmado. Mandante: Goiás (fonte: CSV (goias_is_home)). Em 1997 (Campeonato Goiano), todos os 5 jogos do Goiás como mandante com estádio confirmado foram em Estádio Serra Dourada (hist-f80-2422, hist-f80-2432, hist-f80-2440, hist-f80-2445, hist-f80-2447).",UNKNOWN
hist-f80-2415,1997,1997-02-05,05/fev/1997,DAY,UNKNOWN,PLAYED,True,Campeonato Goiano,GOIANO,Goiano,,,Goiás,Anápolis-GO,Anápolis-GO,True,False,4.0,1.0,4.0,1.0,4 x 1,W,UNKNOWN,UNKNOWN,GO,Brasil,OFFICIAL_COMPETITIVE,True,HIGH,HIGH,HIGH,HIGH,LOW,Futebol80,2415,2415.0,https://www.futebol80.com.br/links/times/goias/goiasjg.htm,,,,,historical_futebol80,Estádio Serra Dourada,Goiânia,MEDIUM,"INFERIDO, não confirmado. Mandante: Goiás (fonte: CSV (goias_is_home)). Em 1997 (Campeonato Goiano), todos os 5 jogos do Goiás como mandante com estádio confirmado foram em Estádio Serra Dourada (hist-f80-2422, hist-f80-2432, hist-f80-2440, hist-f80-2445, hist-f80-2447).",UNKNOWN
hist-f80-2416,1997,1997-02-08,08/fev/1997,DAY,UNKNOWN,PLAYED,True,Campeonato Goiano,GOIANO,Goiano,,,Itumbiara-GO,Goiás,Itumbiara-GO,False,False,1.0,1.0,1.0,1.0,1 x 1,D,UNKNOWN,UNKNOWN,GO,Brasil,OFFICIAL_COMPETITIVE,True,HIGH,HIGH,HIGH,HIGH,LOW,Futebol80,2416,2416.0,https://www.futebol80.com.br/links/times/goias/goiasjg.htm,,,,,historical_futebol80,,,,,UNKNOWN
hist-f80-2417,1997,1997-02-16,16/fev/1997,DAY,UNKNOWN,PLAYED,True,Campeonato Goiano,GOIANO,Goiano,,,Bom Jesus-GO,Goiás,Bom Jesus-GO,False,False,0.0,5.0,5.0,0.0,5 x 0,W,UNKNOWN,UNKNOWN,GO,Brasil,OFFICIAL_COMPETITIVE,True,HIGH,HIGH,HIGH,HIGH,LOW,Futebol80,2417,2417.0,https://www.futebol80.com.br/links/times/goias/goiasjg.htm,,,,,historical_futebol80,,,,,UNKNOWN
hist-f80-2419,1997,1997-03-02,02/mar/1997,DAY,UNKNOWN,PLAYED,True,Campeonato Goiano,GOIANO,Goiano,,,Jataiense-GO,Goiás,Jataiense-GO,False,False,1.0,0.0,0.0,1.0,0 x 1,L,UNKNOWN,UNKNOWN,GO,Brasil,OFFICIAL_COMPETITIVE,True,HIGH,HIGH,HIGH,HIGH,LOW,Futebol80,2419,2419.0,https://www.futebol80.com.br/links/times/goias/goiasjg.htm,,,,,historical_futebol80,,,,,UNKNOWN
hist-f80-2420,1997,1997-03-09,09/mar/1997,DAY,UNKNOWN,PLAYED,True,Campeonato Goiano,GOIANO,Goiano,,,Goiás,Santa Helena-GO,Santa Helena-GO,True,False,2.0,1.0,2.0,1.0,2 x 1,W,UNKNOWN,UNKNOWN,GO,Brasil,OFFICIAL_COMPETITIVE,True,HIGH,HIGH,HIGH,HIGH,LOW,Futebol80,2420,2420.0,https://www.futebol80.com.br/links/times/goias/goiasjg.htm,,,,,historical_futebol80,Estádio Serra Dourada,Goiânia,MEDIUM,"INFERIDO, não confirmado. Mandante: Goiás (fonte: CSV (goias_is_home)). Em 1997 (Campeonato Goiano), todos os 5 jogos do Goiás como mandante com estádio confirmado foram em Estádio Serra Dourada (hist-f80-2422, hist-f80-2432, hist-f80-2440, hist-f80-2445, hist-f80-2447).",UNKNOWN
hist-f80-2423,1997,1997-03-18,18/mar/1997,DAY,UNKNOWN,PLAYED,True,Campeonato Goiano,GOIANO,Goiano,,,Goiás,Aparecidense-GO,Aparecidense-GO,True,False,1.0,0.0,1.0,0.0,1 x 0,W,UNKNOWN,UNKNOWN,GO,Brasil,OFFICIAL_COMPETITIVE,True,HIGH,HIGH,HIGH,HIGH,LOW,Futebol80,2423,2423.0,https://www.futebol80.com.br/links/times/goias/goiasjg.htm,,,,,historical_futebol80,Estádio Serra Dourada,Goiânia,MEDIUM,"INFERIDO, não confirmado. Mandante: Goiás (fonte: CSV (goias_is_home)). Em 1997 (Campeonato Goiano), todos os 5 jogos do Goiás como mandante com estádio confirmado foram em Estádio Serra Dourada (hist-f80-2422, hist-f80-2432, hist-f80-2440, hist-f80-2445, hist-f80-2447).",UNKNOWN
hist-f80-2425,1997,1997-03-23,23/mar/1997,DAY,UNKNOWN,PLAYED,True,Campeonato Goiano,GOIANO,Goiano,,,Anapolina-GO,Goiás,Anapolina-GO,False,False,1.0,4.0,4.0,1.0,4 x 1,W,UNKNOWN,UNKNOWN,GO,Brasil,OFFICIAL_COMPETITIVE,True,HIGH,HIGH,HIGH,HIGH,LOW,Futebol80,2425,2425.0,https://www.futebol80.com.br/links/times/goias/goiasjg.htm,,,,,historical_futebol80,,,,,UNKNOWN
hist-f80-2426,1997,1997-03-26,26/mar/1997,DAY,UNKNOWN,PLAYED,True,Campeonato Goiano,GOIANO,Goiano,,,Goiás,CRAC-GO,CRAC-GO,True,False,5.0,1.0,5.0,1.0,5 x 1,W,UNKNOWN,UNKNOWN,GO,Brasil,OFFICIAL_COMPETITIVE,True,HIGH,HIGH,HIGH,HIGH,LOW,Futebol80,2426,2426.0,https://www.futebol80.com.br/links/times/goias/goiasjg.htm,,,,,historical_futebol80,Estádio Serra Dourada,Goiânia,MEDIUM,"INFERIDO, não confirmado. Mandante: Goiás (fonte: CSV (goias_is_home)). Em 1997 (Campeonato Goiano), todos os 5 jogos do Goiás como mandante com estádio confirmado foram em Estádio Serra Dourada (hist-f80-2422, hist-f80-2432, hist-f80-2440, hist-f80-2445, hist-f80-2447).",UNKNOWN
hist-f80-2427,1997,1997-03-30,30/mar/1997,DAY,UNKNOWN,PLAYED,True,Campeonato Goiano,GOIANO,Goiano,,,,,Goiânia-GO,,True,,,1.0,0.0,1 x 0,W,UNKNOWN,UNKNOWN,GO,Brasil,OFFICIAL_COMPETITIVE,True,HIGH,HIGH,HIGH,HIGH,LOW,Futebol80,2427,2427.0,https://www.futebol80.com.br/links/times/goias/goiasjg.htm,,,,,historical_futebol80,,,,,UNKNOWN
hist-f80-2428,1997,1997-04-06,06/abr/1997,DAY,UNKNOWN,PLAYED,True,Campeonato Goiano,GOIANO,Goiano,,,América de Morrinhos-GO,Goiás,América de Morrinhos-GO,False,False,0.0,1.0,1.0,0.0,1 x 0,W,UNKNOWN,UNKNOWN,GO,Brasil,OFFICIAL_COMPETITIVE,True,HIGH,HIGH,HIGH,HIGH,LOW,Futebol80,2428,2428.0,https://www.futebol80.com.br/links/times/goias/goiasjg.htm,,,,,historical_futebol80,,,,,UNKNOWN
hist-f80-2429,1997,1997-04-09,09/abr/1997,DAY,UNKNOWN,PLAYED,True,Campeonato Goiano,GOIANO,Goiano,,,Anápolis-GO,Goiás,Anápolis-GO,False,False,1.0,2.0,2.0,1.0,2 x 1,W,UNKNOWN,UNKNOWN,GO,Brasil,OFFICIAL_COMPETITIVE,True,HIGH,HIGH,HIGH,HIGH,LOW,Futebol80,2429,2429.0,https://www.futebol80.com.br/links/times/goias/goiasjg.htm,,,,,historical_futebol80,,,,,UNKNOWN
hist-f80-2430,1997,1997-04-13,13/abr/1997,DAY,UNKNOWN,PLAYED,True,Campeonato Goiano,GOIANO,Goiano,,,Goiás,Itumbiara-GO,Itumbiara-GO,True,False,0.0,0.0,0.0,0.0,0 x 0,D,UNKNOWN,UNKNOWN,GO,Brasil,OFFICIAL_COMPETITIVE,True,HIGH,HIGH,HIGH,HIGH,LOW,Futebol80,2430,2430.0,https://www.futebol80.com.br/links/times/goias/goiasjg.htm,,,,,historical_futebol80,Estádio Serra Dourada,Goiânia,MEDIUM,"INFERIDO, não confirmado. Mandante: Goiás (fonte: CSV (goias_is_home)). Em 1997 (Campeonato Goiano), todos os 5 jogos do Goiás como mandante com estádio confirmado foram em Estádio Serra Dourada (hist-f80-2422, hist-f80-2432, hist-f80-2440, hist-f80-2445, hist-f80-2447).",UNKNOWN
hist-f80-2431,1997,1997-04-16,16/abr/1997,DAY,UNKNOWN,PLAYED,True,Campeonato Goiano,GOIANO,Goiano,,,Goiás,Bom Jesus-GO,Bom Jesus-GO,True,False,3.0,1.0,3.0,1.0,3 x 1,W,UNKNOWN,UNKNOWN,GO,Brasil,OFFICIAL_COMPETITIVE,True,HIGH,HIGH,HIGH,HIGH,LOW,Futebol80,2431,2431.0,https://www.futebol80.com.br/links/times/goias/goiasjg.htm,,,,,historical_futebol80,Estádio Serra Dourada,Goiânia,MEDIUM,"INFERIDO, não confirmado. Mandante: Goiás (fonte: CSV (goias_is_home)). Em 1997 (Campeonato Goiano), todos os 5 jogos do Goiás como mandante com estádio confirmado foram em Estádio Serra Dourada (hist-f80-2422, hist-f80-2432, hist-f80-2440, hist-f80-2445, hist-f80-2447).",UNKNOWN
hist-f80-2433,1997,1997-04-23,23/abr/1997,DAY,UNKNOWN,PLAYED,True,Campeonato Goiano,GOIANO,Goiano,,,Goiás,Jataiense-GO,Jataiense-GO,True,False,2.0,0.0,2.0,0.0,2 x 0,W,UNKNOWN,UNKNOWN,GO,Brasil,OFFICIAL_COMPETITIVE,True,HIGH,HIGH,HIGH,HIGH,LOW,Futebol80,2433,2433.0,https://www.futebol80.com.br/links/times/goias/goiasjg.htm,,,,,historical_futebol80,Estádio Serra Dourada,Goiânia,MEDIUM,"INFERIDO, não confirmado. Mandante: Goiás (fonte: CSV (goias_is_home)). Em 1997 (Campeonato Goiano), todos os 5 jogos do Goiás como mandante com estádio confirmado foram em Estádio Serra Dourada (hist-f80-2422, hist-f80-2432, hist-f80-2440, hist-f80-2445, hist-f80-2447).",UNKNOWN
hist-f80-2434,1997,1997-04-27,27/abr/1997,DAY,UNKNOWN,PLAYED,True,Campeonato Goiano,GOIANO,Goiano,,,Santa Helena-GO,Goiás,Santa Helena-GO,False,False,1.0,1.0,1.0,1.0,1 x 1,D,UNKNOWN,UNKNOWN,GO,Brasil,OFFICIAL_COMPETITIVE,True,HIGH,HIGH,HIGH,HIGH,LOW,Futebol80,2434,2434.0,https://www.futebol80.com.br/links/times/goias/goiasjg.htm,,,,,historical_futebol80,,,,,UNKNOWN
hist-f80-2436,1997,1997-05-07,07/mai/1997,DAY,UNKNOWN,PLAYED,True,Campeonato Goiano,GOIANO,Goiano,,,Aparecidense-GO,Goiás,Aparecidense-GO,False,False,1.0,2.0,2.0,1.0,2 x 1,W,UNKNOWN,UNKNOWN,GO,Brasil,OFFICIAL_COMPETITIVE,True,HIGH,HIGH,HIGH,HIGH,LOW,Futebol80,2436,2436.0,https://www.futebol80.com.br/links/times/goias/goiasjg.htm,,,,,historical_futebol80,,,,,UNKNOWN
hist-f80-2437,1997,1997-05-11,11/mai/1997,DAY,UNKNOWN,PLAYED,True,Campeonato Goiano,GOIANO,Goiano,,,Goiás,Anapolina-GO,Anapolina-GO,True,False,5.0,0.0,5.0,0.0,5 x 0,W,UNKNOWN,UNKNOWN,GO,Brasil,OFFICIAL_COMPETITIVE,True,HIGH,HIGH,HIGH,HIGH,LOW,Futebol80,2437,2437.0,https://www.futebol80.com.br/links/times/goias/goiasjg.htm,,,,,historical_futebol80,Estádio Serra Dourada,Goiânia,MEDIUM,"INFERIDO, não confirmado. Mandante: Goiás (fonte: CSV (goias_is_home)). Em 1997 (Campeonato Goiano), todos os 5 jogos do Goiás como mandante com estádio confirmado foram em Estádio Serra Dourada (hist-f80-2422, hist-f80-2432, hist-f80-2440, hist-f80-2445, hist-f80-2447).",UNKNOWN
hist-f80-2438,1997,1997-05-18,18/mai/1997,DAY,UNKNOWN,PLAYED,True,Campeonato Goiano,GOIANO,Goiano,,,Anápolis-GO,Goiás,Anápolis-GO,False,False,0.0,1.0,1.0,0.0,1 x 0,W,UNKNOWN,UNKNOWN,GO,Brasil,OFFICIAL_COMPETITIVE,True,HIGH,HIGH,HIGH,HIGH,LOW,Futebol80,2438,2438.0,https://www.futebol80.com.br/links/times/goias/goiasjg.htm,,,,,historical_futebol80,,,,,UNKNOWN
hist-f80-2439,1997,1997-05-21,21/mai/1997,DAY,UNKNOWN,PLAYED,True,Campeonato Goiano,GOIANO,Goiano,,,Goiás,Itumbiara-GO,Itumbiara-GO,True,False,2.0,0.0,2.0,0.0,2 x 0,W,UNKNOWN,UNKNOWN,GO,Brasil,OFFICIAL_COMPETITIVE,True,HIGH,HIGH,HIGH,HIGH,LOW,Futebol80,2439,2439.0,https://www.futebol80.com.br/links/times/goias/goiasjg.htm,,,,,historical_futebol80,Estádio Serra Dourada,Goiânia,MEDIUM,"INFERIDO, não confirmado. Mandante: Goiás (fonte: CSV (goias_is_home)). Em 1997 (Campeonato Goiano), todos os 5 jogos do Goiás como mandante com estádio confirmado foram em Estádio Serra Dourada (hist-f80-2422, hist-f80-2432, hist-f80-2440, hist-f80-2445, hist-f80-2447).",UNKNOWN
hist-f80-2441,1997,1997-05-29,29/mai/1997,DAY,UNKNOWN,PLAYED,True,Campeonato Goiano,GOIANO,Goiano,,,Goiás,Anápolis-GO,Anápolis-GO,True,False,3.0,2.0,3.0,2.0,3 x 2,W,UNKNOWN,UNKNOWN,GO,Brasil,OFFICIAL_COMPETITIVE,True,HIGH,HIGH,HIGH,HIGH,LOW,Futebol80,2441,2441.0,https://www.futebol80.com.br/links/times/goias/goiasjg.htm,,,,,historical_futebol80,Estádio Serra Dourada,Goiânia,MEDIUM,"INFERIDO, não confirmado. Mandante: Goiás (fonte: CSV (goias_is_home)). Em 1997 (Campeonato Goiano), todos os 5 jogos do Goiás como mandante com estádio confirmado foram em Estádio Serra Dourada (hist-f80-2422, hist-f80-2432, hist-f80-2440, hist-f80-2445, hist-f80-2447).",UNKNOWN
hist-f80-2442,1997,1997-06-01,01/jun/1997,DAY,UNKNOWN,PLAYED,True,Campeonato Goiano,GOIANO,Goiano,,,Itumbiara-GO,Goiás,Itumbiara-GO,False,False,0.0,1.0,1.0,0.0,1 x 0,W,UNKNOWN,UNKNOWN,GO,Brasil,OFFICIAL_COMPETITIVE,True,HIGH,HIGH,HIGH,HIGH,LOW,Futebol80,2442,2442.0,https://www.futebol80.com.br/links/times/goias/goiasjg.htm,,,,,historical_futebol80,,,,,UNKNOWN
hist-f80-2473,1997,1997-11-12,12/nov/1997,DAY,UNKNOWN,PLAYED,True,Torneio Maguito Vilela-GO,TORNEIO_MAGUITO_VILELA_GO,Torneio Maguito Vilela-GO,,,Goiás,Anápolis-GO,Anápolis-GO,True,False,1.0,1.0,1.0,1.0,1 x 1,D,UNKNOWN,UNKNOWN,GO,Brasil,COMPETITIVE_SECONDARY,True,HIGH,HIGH,HIGH,HIGH,LOW,Futebol80,2473,2473.0,https://www.futebol80.com.br/links/times/goias/goiasjg.htm,https://pt.wikipedia.org/wiki/Cl%C3%A1ssico_Go-Go,,Taça Maguito Vilela 1997 preservada como competição estadual secundária/oficial.,,historical_futebol80,,,,,UNKNOWN
hist-f80-2474,1997,1997-11-16,16/nov/1997,DAY,UNKNOWN,PLAYED,True,Torneio Maguito Vilela-GO,TORNEIO_MAGUITO_VILELA_GO,Torneio Maguito Vilela-GO,,,,,Goiânia-GO,,True,,,0.0,2.0,0 x 2,L,UNKNOWN,UNKNOWN,GO,Brasil,COMPETITIVE_SECONDARY,True,HIGH,HIGH,HIGH,HIGH,LOW,Futebol80,2474,2474.0,https://www.futebol80.com.br/links/times/goias/goiasjg.htm,https://pt.wikipedia.org/wiki/Cl%C3%A1ssico_Go-Go,,Taça Maguito Vilela 1997 preservada como competição estadual secundária/oficial.,,historical_futebol80,,,,,UNKNOWN
hist-f80-2476,1997,1997-11-23,23/nov/1997,DAY,UNKNOWN,PLAYED,True,Torneio Maguito Vilela-GO,TORNEIO_MAGUITO_VILELA_GO,Torneio Maguito Vilela-GO,,,,,Vila Nova-GO,,True,,,0.0,0.0,0 x 0,D,UNKNOWN,UNKNOWN,GO,Brasil,COMPETITIVE_SECONDARY,True,HIGH,HIGH,HIGH,HIGH,LOW,Futebol80,2476,2476.0,https://www.futebol80.com.br/links/times/goias/goiasjg.htm,https://pt.wikipedia.org/wiki/Cl%C3%A1ssico_Go-Go,,Taça Maguito Vilela 1997 preservada como competição estadual secundária/oficial.,,historical_futebol80,,,,,UNKNOWN
hist-f80-2478,1997,1997-11-30,30/nov/1997,DAY,UNKNOWN,PLAYED,True,Torneio Maguito Vilela-GO,TORNEIO_MAGUITO_VILELA_GO,Torneio Maguito Vilela-GO,,,Goiás,Anápolis-GO,Anápolis-GO,True,False,1.0,2.0,1.0,2.0,1 x 2,L,UNKNOWN,UNKNOWN,GO,Brasil,COMPETITIVE_SECONDARY,True,HIGH,HIGH,HIGH,HIGH,LOW,Futebol80,2478,2478.0,https://www.futebol80.com.br/links/times/goias/goiasjg.htm,https://pt.wikipedia.org/wiki/Cl%C3%A1ssico_Go-Go,,Taça Maguito Vilela 1997 preservada como competição estadual secundária/oficial.,,historical_futebol80,,,,,UNKNOWN
hist-f80-2479,1997,1997-12-04,04/dez/1997,DAY,UNKNOWN,PLAYED,True,Torneio Maguito Vilela-GO,TORNEIO_MAGUITO_VILELA_GO,Torneio Maguito Vilela-GO,,,,,Goiânia-GO,,True,,,2.0,1.0,2 x 1,W,UNKNOWN,UNKNOWN,GO,Brasil,COMPETITIVE_SECONDARY,True,HIGH,HIGH,HIGH,HIGH,LOW,Futebol80,2479,2479.0,https://www.futebol80.com.br/links/times/goias/goiasjg.htm,https://pt.wikipedia.org/wiki/Cl%C3%A1ssico_Go-Go,,Taça Maguito Vilela 1997 preservada como competição estadual secundária/oficial.,,historical_futebol80,,,,,UNKNOWN
hist-f80-2481,1997,1997-12-14,14/dez/1997,DAY,UNKNOWN,PLAYED,True,Torneio Maguito Vilela-GO,TORNEIO_MAGUITO_VILELA_GO,Torneio Maguito Vilela-GO,,,,,Vila Nova-GO,,True,,,1.0,3.0,1 x 3,L,UNKNOWN,UNKNOWN,GO,Brasil,COMPETITIVE_SECONDARY,True,HIGH,HIGH,HIGH,HIGH,LOW,Futebol80,2481,2481.0,https://www.futebol80.com.br/links/times/goias/goiasjg.htm,https://pt.wikipedia.org/wiki/Cl%C3%A1ssico_Go-Go,,Taça Maguito Vilela 1997 preservada como competição estadual secundária/oficial.,,historical_futebol80,,,,,UNKNOWN
hist-f80-2483,1998,1998-02-01,01/fev/1998,DAY,UNKNOWN,PLAYED,True,Campeonato Goiano,GOIANO,Goiano,,,Goiás,Anapolina-GO,Anapolina-GO,True,False,6.0,0.0,6.0,0.0,6 x 0,W,UNKNOWN,UNKNOWN,GO,Brasil,OFFICIAL_COMPETITIVE,True,HIGH,HIGH,HIGH,HIGH,LOW,Futebol80,2483,2483.0,https://www.futebol80.com.br/links/times/goias/goiasjg.htm,,,,,historical_futebol80,,,,,UNKNOWN
hist-f80-2484,1998,1998-02-04,04/fev/1998,DAY,UNKNOWN,PLAYED,True,Campeonato Goiano,GOIANO,Goiano,,,Caldas-GO,Goiás,Caldas-GO,False,False,1.0,0.0,0.0,1.0,0 x 1,L,UNKNOWN,UNKNOWN,GO,Brasil,OFFICIAL_COMPETITIVE,True,HIGH,HIGH,HIGH,HIGH,LOW,Futebol80,2484,2484.0,https://www.futebol80.com.br/links/times/goias/goiasjg.htm,,,,,historical_futebol80,,,,,UNKNOWN
hist-f80-2485,1998,1998-02-08,08/fev/1998,DAY,UNKNOWN,PLAYED,True,Campeonato Goiano,GOIANO,Goiano,,,Bom Jesus-GO,Goiás,Bom Jesus-GO,False,False,1.0,2.0,2.0,1.0,2 x 1,W,UNKNOWN,UNKNOWN,GO,Brasil,OFFICIAL_COMPETITIVE,True,HIGH,HIGH,HIGH,HIGH,LOW,Futebol80,2485,2485.0,https://www.futebol80.com.br/links/times/goias/goiasjg.htm,,,,,historical_futebol80,,,,,UNKNOWN
hist-f80-2486,1998,1998-02-11,11/fev/1998,DAY,UNKNOWN,PLAYED,True,Campeonato Goiano,GOIANO,Goiano,,,Goiás,CRAC-GO,CRAC-GO,True,False,3.0,3.0,3.0,3.0,3 x 3,D,UNKNOWN,UNKNOWN,GO,Brasil,OFFICIAL_COMPETITIVE,True,HIGH,HIGH,HIGH,HIGH,LOW,Futebol80,2486,2486.0,https://www.futebol80.com.br/links/times/goias/goiasjg.htm,,,,,historical_futebol80,,,,,UNKNOWN
hist-f80-2487,1998,1998-02-15,15/fev/1998,DAY,UNKNOWN,PLAYED,True,Campeonato Goiano,GOIANO,Goiano,,,Santa Helena-GO,Goiás,Santa Helena-GO,False,False,0.0,5.0,5.0,0.0,5 x 0,W,UNKNOWN,UNKNOWN,GO,Brasil,OFFICIAL_COMPETITIVE,True,HIGH,HIGH,HIGH,HIGH,LOW,Futebol80,2487,2487.0,https://www.futebol80.com.br/links/times/goias/goiasjg.htm,,,,,historical_futebol80,,,,,UNKNOWN
hist-f80-2490,1998,1998-02-25,25/fev/1998,DAY,UNKNOWN,PLAYED,True,Campeonato Goiano,GOIANO,Goiano,,,Goiatuba-GO,Goiás,Goiatuba-GO,False,False,1.0,3.0,3.0,1.0,3 x 1,W,UNKNOWN,UNKNOWN,GO,Brasil,OFFICIAL_COMPETITIVE,True,HIGH,HIGH,HIGH,HIGH,LOW,Futebol80,2490,2490.0,https://www.futebol80.com.br/links/times/goias/goiasjg.htm,,,,,historical_futebol80,,,,,UNKNOWN
hist-f80-2491,1998,1998-03-01,01/mar/1998,DAY,UNKNOWN,PLAYED,True,Campeonato Goiano,GOIANO,Goiano,,,Goiás,Anápolis-GO,Anápolis-GO,True,False,2.0,0.0,2.0,0.0,2 x 0,W,UNKNOWN,UNKNOWN,GO,Brasil,OFFICIAL_COMPETITIVE,True,HIGH,HIGH,HIGH,HIGH,LOW,Futebol80,2491,2491.0,https://www.futebol80.com.br/links/times/goias/goiasjg.htm,,,,,historical_futebol80,,,,,UNKNOWN
hist-f80-2492,1998,1998-03-04,04/mar/1998,DAY,UNKNOWN,PLAYED,True,Campeonato Goiano,GOIANO,Goiano,,,Itumbiara-GO,Goiás,Itumbiara-GO,False,False,0.0,3.0,3.0,0.0,3 x 0,W,UNKNOWN,UNKNOWN,GO,Brasil,OFFICIAL_COMPETITIVE,True,HIGH,HIGH,HIGH,HIGH,LOW,Futebol80,2492,2492.0,https://www.futebol80.com.br/links/times/goias/goiasjg.htm,,,,,historical_futebol80,,,,,UNKNOWN
hist-f80-2494,1998,1998-03-11,11/mar/1998,DAY,UNKNOWN,PLAYED,True,Campeonato Goiano,GOIANO,Goiano,,,Goiás,Jataiense-GO,Jataiense-GO,True,False,4.0,1.0,4.0,1.0,4 x 1,W,UNKNOWN,UNKNOWN,GO,Brasil,OFFICIAL_COMPETITIVE,True,HIGH,HIGH,HIGH,HIGH,LOW,Futebol80,2494,2494.0,https://www.futebol80.com.br/links/times/goias/goiasjg.htm,,,,,historical_futebol80,,,,,UNKNOWN
hist-f80-2495,1998,1998-03-15,15/mar/1998,DAY,UNKNOWN,PLAYED,True,Campeonato Goiano,GOIANO,Goiano,,,Anapolina-GO,Goiás,Anapolina-GO,False,False,4.0,3.0,3.0,4.0,3 x 4,L,UNKNOWN,UNKNOWN,GO,Brasil,OFFICIAL_COMPETITIVE,True,HIGH,HIGH,HIGH,HIGH,LOW,Futebol80,2495,2495.0,https://www.futebol80.com.br/links/times/goias/goiasjg.htm,,,,,historical_futebol80,,,,,UNKNOWN
hist-f80-2496,1998,1998-03-18,18/mar/1998,DAY,UNKNOWN,PLAYED,True,Campeonato Goiano,GOIANO,Goiano,,,Goiás,Caldas-GO,Caldas-GO,True,False,4.0,1.0,4.0,1.0,4 x 1,W,UNKNOWN,UNKNOWN,GO,Brasil,OFFICIAL_COMPETITIVE,True,HIGH,HIGH,HIGH,HIGH,LOW,Futebol80,2496,2496.0,https://www.futebol80.com.br/links/times/goias/goiasjg.htm,,,,,historical_futebol80,,,,,UNKNOWN
hist-f80-2497,1998,1998-03-22,22/mar/1998,DAY,UNKNOWN,PLAYED,True,Campeonato Goiano,GOIANO,Goiano,,,Goiás,Bom Jesus-GO,Bom Jesus-GO,True,False,3.0,1.0,3.0,1.0,3 x 1,W,UNKNOWN,UNKNOWN,GO,Brasil,OFFICIAL_COMPETITIVE,True,HIGH,HIGH,HIGH,HIGH,LOW,Futebol80,2497,2497.0,https://www.futebol80.com.br/links/times/goias/goiasjg.htm,,,,,historical_futebol80,,,,,UNKNOWN
hist-f80-2498,1998,1998-03-25,25/mar/1998,DAY,UNKNOWN,PLAYED,True,Campeonato Goiano,GOIANO,Goiano,,,CRAC-GO,Goiás,CRAC-GO,False,False,1.0,0.0,0.0,1.0,0 x 1,L,UNKNOWN,UNKNOWN,GO,Brasil,OFFICIAL_COMPETITIVE,True,HIGH,HIGH,HIGH,HIGH,LOW,Futebol80,2498,2498.0,https://www.futebol80.com.br/links/times/goias/goiasjg.htm,,,,,historical_futebol80,,,,,UNKNOWN
hist-f80-2499,1998,1998-03-29,29/mar/1998,DAY,UNKNOWN,PLAYED,True,Campeonato Goiano,GOIANO,Goiano,,,Goiás,Santa Helena-GO,Santa Helena-GO,True,False,2.0,0.0,2.0,0.0,2 x 0,W,UNKNOWN,UNKNOWN,GO,Brasil,OFFICIAL_COMPETITIVE,True,HIGH,HIGH,HIGH,HIGH,LOW,Futebol80,2499,2499.0,https://www.futebol80.com.br/links/times/goias/goiasjg.htm,,,,,historical_futebol80,,,,,UNKNOWN
hist-f80-2500,1998,1998-04-01,01/abr/1998,DAY,UNKNOWN,PLAYED,True,Campeonato Goiano,GOIANO,Goiano,,,Jataiense-GO,Goiás,Jataiense-GO,False,False,0.0,1.0,1.0,0.0,1 x 0,W,UNKNOWN,UNKNOWN,GO,Brasil,OFFICIAL_COMPETITIVE,True,HIGH,HIGH,HIGH,HIGH,LOW,Futebol80,2500,2500.0,https://www.futebol80.com.br/links/times/goias/goiasjg.htm,,,,,historical_futebol80,,,,,UNKNOWN
hist-f80-2502,1998,1998-04-08,08/abr/1998,DAY,UNKNOWN,PLAYED,True,Campeonato Goiano,GOIANO,Goiano,,,Goiás,Goiatuba-GO,Goiatuba-GO,True,False,3.0,1.0,3.0,1.0,3 x 1,W,UNKNOWN,UNKNOWN,GO,Brasil,OFFICIAL_COMPETITIVE,True,HIGH,HIGH,HIGH,HIGH,LOW,Futebol80,2502,2502.0,https://www.futebol80.com.br/links/times/goias/goiasjg.htm,,,,,historical_futebol80,,,,,UNKNOWN
hist-f80-2503,1998,1998-04-12,12/abr/1998,DAY,UNKNOWN,PLAYED,True,Campeonato Goiano,GOIANO,Goiano,,,Anápolis-GO,Goiás,Anápolis-GO,False,False,2.0,2.0,2.0,2.0,2 x 2,D,UNKNOWN,UNKNOWN,GO,Brasil,OFFICIAL_COMPETITIVE,True,HIGH,HIGH,HIGH,HIGH,LOW,Futebol80,2503,2503.0,https://www.futebol80.com.br/links/times/goias/goiasjg.htm,,,,,historical_futebol80,,,,,UNKNOWN
hist-f80-2504,1998,1998-04-15,15/abr/1998,DAY,UNKNOWN,PLAYED,True,Campeonato Goiano,GOIANO,Goiano,,,Goiás,Itumbiara-GO,Itumbiara-GO,True,False,0.0,0.0,0.0,0.0,0 x 0,D,UNKNOWN,UNKNOWN,GO,Brasil,OFFICIAL_COMPETITIVE,True,HIGH,HIGH,HIGH,HIGH,LOW,Futebol80,2504,2504.0,https://www.futebol80.com.br/links/times/goias/goiasjg.htm,,,,,historical_futebol80,,,,,UNKNOWN
hist-f80-2506,1998,1998-04-26,26/abr/1998,DAY,UNKNOWN,PLAYED_ADMIN_RESULT,True,Campeonato Goiano,GOIANO,Goiano,,,Itumbiara-GO,Goiás,Itumbiara-GO,False,False,0.0,1.0,1.0,0.0,1 x 0,W,UNKNOWN,UNKNOWN,GO,Brasil,OFFICIAL_COMPETITIVE,True,HIGH,HIGH,HIGH,HIGH,LOW,Futebol80,2506,2506.0,https://www.futebol80.com.br/links/times/goias/goiasjg.htm,,,Houve partida/attendance event; resultado final foi definido administrativamente pela federação.,Resultado final 1 x 0 determinado pela FGF; a partida havia sido interrompida em 0 x 0 segundo Futebol80.,historical_futebol80,,,,,UNKNOWN
hist-f80-2507,1998,1998-04-30,30/abr/1998,DAY,UNKNOWN,PLAYED,True,Campeonato Goiano,GOIANO,Goiano,,,Goiás,Itumbiara-GO,Itumbiara-GO,True,False,4.0,1.0,4.0,1.0,4 x 1,W,UNKNOWN,UNKNOWN,GO,Brasil,OFFICIAL_COMPETITIVE,True,HIGH,HIGH,HIGH,HIGH,LOW,Futebol80,2507,2507.0,https://www.futebol80.com.br/links/times/goias/goiasjg.htm,,,,,historical_futebol80,,,,,UNKNOWN
hist-f80-2509,1998,1998-05-10,10/mai/1998,DAY,UNKNOWN,PLAYED,True,Campeonato Goiano,GOIANO,Goiano,,,Goiás,Anápolis-GO,Anápolis-GO,True,False,3.0,2.0,3.0,2.0,3 x 2,W,UNKNOWN,UNKNOWN,GO,Brasil,OFFICIAL_COMPETITIVE,True,HIGH,HIGH,HIGH,HIGH,LOW,Futebol80,2509,2509.0,https://www.futebol80.com.br/links/times/goias/goiasjg.htm,,,,,historical_futebol80,,,,,UNKNOWN
hist-f80-2512,1998,1998-05-20,20/mai/1998,DAY,UNKNOWN,PLAYED,True,Campeonato Goiano,GOIANO,Goiano,,,Anápolis-GO,Goiás,Anápolis-GO,False,False,3.0,0.0,0.0,3.0,0 x 3,L,UNKNOWN,UNKNOWN,GO,Brasil,OFFICIAL_COMPETITIVE,True,HIGH,HIGH,HIGH,HIGH,LOW,Futebol80,2512,2512.0,https://www.futebol80.com.br/links/times/goias/goiasjg.htm,,,,,historical_futebol80,,,,,UNKNOWN
hist-f80-2542,1999,1999-02-21,21/fev/1999,DAY,UNKNOWN,PLAYED,True,Campeonato Goiano,GOIANO,Goiano,,,,,Goiânia-GO,,True,,,4.0,2.0,4 x 2,W,UNKNOWN,UNKNOWN,GO,Brasil,OFFICIAL_COMPETITIVE,True,HIGH,HIGH,HIGH,HIGH,LOW,Futebol80,2542,2542.0,https://www.futebol80.com.br/links/times/goias/goiasjg.htm,,,,,historical_futebol80,,,,,UNKNOWN
hist-f80-2544,1999,1999-02-28,28/fev/1999,DAY,UNKNOWN,PLAYED,True,Campeonato Goiano,GOIANO,Goiano,,,Goiás,Rioverdense-GO,Rioverdense-GO,True,False,2.0,0.0,2.0,0.0,2 x 0,W,UNKNOWN,UNKNOWN,GO,Brasil,OFFICIAL_COMPETITIVE,True,HIGH,HIGH,HIGH,HIGH,LOW,Futebol80,2544,2544.0,https://www.futebol80.com.br/links/times/goias/goiasjg.htm,,,,,historical_futebol80,,,,,UNKNOWN
hist-f80-2546,1999,1999-03-07,07/mar/1999,DAY,UNKNOWN,PLAYED,True,Campeonato Goiano,GOIANO,Goiano,,,Anapolina-GO,Goiás,Anapolina-GO,False,False,0.0,1.0,1.0,0.0,1 x 0,W,UNKNOWN,UNKNOWN,GO,Brasil,OFFICIAL_COMPETITIVE,True,HIGH,HIGH,HIGH,HIGH,LOW,Futebol80,2546,2546.0,https://www.futebol80.com.br/links/times/goias/goiasjg.htm,,,,,historical_futebol80,,,,,UNKNOWN
hist-f80-2547,1999,1999-03-14,14/mar/1999,DAY,UNKNOWN,PLAYED,True,Campeonato Goiano,GOIANO,Goiano,,,Goiás,Goiatuba-GO,Goiatuba-GO,True,False,2.0,1.0,2.0,1.0,2 x 1,W,UNKNOWN,UNKNOWN,GO,Brasil,OFFICIAL_COMPETITIVE,True,HIGH,HIGH,HIGH,HIGH,LOW,Futebol80,2547,2547.0,https://www.futebol80.com.br/links/times/goias/goiasjg.htm,,,,,historical_futebol80,,,,,UNKNOWN
hist-f80-2549,1999,1999-03-21,21/mar/1999,DAY,UNKNOWN,PLAYED,True,Campeonato Goiano,GOIANO,Goiano,,,Jataiense-GO,Goiás,Jataiense-GO,False,False,2.0,2.0,2.0,2.0,2 x 2,D,UNKNOWN,UNKNOWN,GO,Brasil,OFFICIAL_COMPETITIVE,True,HIGH,HIGH,HIGH,HIGH,LOW,Futebol80,2549,2549.0,https://www.futebol80.com.br/links/times/goias/goiasjg.htm,,,,,historical_futebol80,,,,,UNKNOWN
hist-f80-2554,1999,1999-04-11,11/abr/1999,DAY,UNKNOWN,PLAYED,True,Campeonato Goiano,GOIANO,Goiano,,,Itumbiara-GO,Goiás,Itumbiara-GO,False,False,1.0,5.0,5.0,1.0,5 x 1,W,UNKNOWN,UNKNOWN,GO,Brasil,OFFICIAL_COMPETITIVE,True,HIGH,HIGH,HIGH,HIGH,LOW,Futebol80,2554,2554.0,https://www.futebol80.com.br/links/times/goias/goiasjg.htm,,,,,historical_futebol80,,,,,UNKNOWN
hist-f80-2556,1999,1999-04-21,21/abr/1999,DAY,UNKNOWN,PLAYED,True,Campeonato Goiano,GOIANO,Goiano,,,Goiás,Bom Jesus-GO,Bom Jesus-GO,True,False,3.0,0.0,3.0,0.0,3 x 0,W,UNKNOWN,UNKNOWN,GO,Brasil,OFFICIAL_COMPETITIVE,True,HIGH,HIGH,HIGH,HIGH,LOW,Futebol80,2556,2556.0,https://www.futebol80.com.br/links/times/goias/goiasjg.htm,,,,,historical_futebol80,,,,,UNKNOWN
hist-f80-2558,1999,1999-05-01,01/mai/1999,DAY,UNKNOWN,PLAYED,True,Campeonato Goiano,GOIANO,Goiano,,,,,Goiânia-GO,,True,,,4.0,2.0,4 x 2,W,UNKNOWN,UNKNOWN,GO,Brasil,OFFICIAL_COMPETITIVE,True,HIGH,HIGH,HIGH,HIGH,LOW,Futebol80,2558,2558.0,https://www.futebol80.com.br/links/times/goias/goiasjg.htm,,,,,historical_futebol80,,,,,UNKNOWN
hist-f80-2560,1999,1999-05-09,09/mai/1999,DAY,UNKNOWN,PLAYED,True,Campeonato Goiano,GOIANO,Goiano,,,Rioverdense-GO,Goiás,Rioverdense-GO,False,False,1.0,5.0,5.0,1.0,5 x 1,W,UNKNOWN,UNKNOWN,GO,Brasil,OFFICIAL_COMPETITIVE,True,HIGH,HIGH,HIGH,HIGH,LOW,Futebol80,2560,2560.0,https://www.futebol80.com.br/links/times/goias/goiasjg.htm,,,,,historical_futebol80,,,,,UNKNOWN
hist-f80-2562,1999,1999-05-16,16/mai/1999,DAY,UNKNOWN,PLAYED,True,Campeonato Goiano,GOIANO,Goiano,,,Goiatuba-GO,Goiás,Goiatuba-GO,False,False,0.0,1.0,1.0,0.0,1 x 0,W,UNKNOWN,UNKNOWN,GO,Brasil,OFFICIAL_COMPETITIVE,True,HIGH,HIGH,HIGH,HIGH,LOW,Futebol80,2562,2562.0,https://www.futebol80.com.br/links/times/goias/goiasjg.htm,,,,,historical_futebol80,,,,,UNKNOWN
hist-f80-2564,1999,1999-05-23,23/mai/1999,DAY,UNKNOWN,PLAYED,True,Campeonato Goiano,GOIANO,Goiano,,,Goiás,Jataiense-GO,Jataiense-GO,True,False,1.0,2.0,1.0,2.0,1 x 2,L,UNKNOWN,UNKNOWN,GO,Brasil,OFFICIAL_COMPETITIVE,True,HIGH,HIGH,HIGH,HIGH,LOW,Futebol80,2564,2564.0,https://www.futebol80.com.br/links/times/goias/goiasjg.htm,,,,,historical_futebol80,,,,,UNKNOWN
hist-f80-2565,1999,1999-05-26,26/mai/1999,DAY,UNKNOWN,PLAYED,True,Campeonato Goiano,GOIANO,Goiano,,,Goiás,Anapolina-GO,Anapolina-GO,True,False,5.0,2.0,5.0,2.0,5 x 2,W,UNKNOWN,UNKNOWN,GO,Brasil,OFFICIAL_COMPETITIVE,True,HIGH,HIGH,HIGH,HIGH,LOW,Futebol80,2565,2565.0,https://www.futebol80.com.br/links/times/goias/goiasjg.htm,,,,,historical_futebol80,,,,,UNKNOWN
hist-f80-2566,1999,1999-05-30,30/mai/1999,DAY,UNKNOWN,PLAYED,True,Campeonato Goiano,GOIANO,Goiano,,,,,Vila Nova-GO,,True,,,3.0,1.0,3 x 1,W,UNKNOWN,UNKNOWN,GO,Brasil,OFFICIAL_COMPETITIVE,True,HIGH,HIGH,HIGH,HIGH,LOW,Futebol80,2566,2566.0,https://www.futebol80.com.br/links/times/goias/goiasjg.htm,,,,,historical_futebol80,,,,,UNKNOWN
hist-f80-2567,1999,1999-06-03,03/jun/1999,DAY,UNKNOWN,PLAYED,True,Campeonato Goiano,GOIANO,Goiano,,,CRAC-GO,Goiás,CRAC-GO,False,False,0.0,1.0,1.0,0.0,1 x 0,W,UNKNOWN,UNKNOWN,GO,Brasil,OFFICIAL_COMPETITIVE,True,HIGH,HIGH,HIGH,HIGH,LOW,Futebol80,2567,2567.0,https://www.futebol80.com.br/links/times/goias/goiasjg.htm,,,,,historical_futebol80,,,,,UNKNOWN
hist-f80-2570,1999,1999-06-20,20/jun/1999,DAY,UNKNOWN,PLAYED,True,Campeonato Goiano,GOIANO,Goiano,,,Bom Jesus-GO,Goiás,Bom Jesus-GO,False,False,2.0,2.0,2.0,2.0,2 x 2,D,UNKNOWN,UNKNOWN,GO,Brasil,OFFICIAL_COMPETITIVE,True,HIGH,HIGH,HIGH,HIGH,LOW,Futebol80,2570,2570.0,https://www.futebol80.com.br/links/times/goias/goiasjg.htm,,,,,historical_futebol80,,,,,UNKNOWN
hist-f80-2571,1999,1999-06-27,27/jun/1999,DAY,UNKNOWN,PLAYED,True,Campeonato Goiano,GOIANO,Goiano,,,Goiás,Anápolis-GO,Anápolis-GO,True,False,4.0,0.0,4.0,0.0,4 x 0,W,UNKNOWN,UNKNOWN,GO,Brasil,OFFICIAL_COMPETITIVE,True,HIGH,HIGH,HIGH,HIGH,LOW,Futebol80,2571,2571.0,https://www.futebol80.com.br/links/times/goias/goiasjg.htm,,,,,historical_futebol80,,,,,UNKNOWN
hist-f80-2591,1999,1999-10-26,26/out/1999,DAY,UNKNOWN,PLAYED,True,Campeonato Brasileiro Série B,BRASILEIRO_B,Brasileiro-Série B,,,América-MG,Goiás,América-MG,False,False,0.0,0.0,0.0,0.0,0 x 0,D,UNKNOWN,UNKNOWN,GO,Brasil,OFFICIAL_COMPETITIVE,True,HIGH,HIGH,HIGH,HIGH,LOW,Futebol80,2591,2591.0,https://www.futebol80.com.br/links/times/goias/goiasjg.htm,,,,,historical_futebol80,,,,,UNKNOWN
pe_b5a9483b6c1d6781,2000,2000-01-23,2000-01-23,date_only,,PLAYED,True,Copa Centro-Oeste,COPA_CENTRO_OESTE,Copa Centro-Oeste 2000,,,Goiás,Vila Nova,Vila Nova,,True,0.0,0.0,0.0,0.0,0-0,DRAW,,,,,OFFICIAL_COMPETITIVE,True,HIGH,HIGH,HIGH,HIGH,UNKNOWN,Futebol80,futebol80:2602,,https://www.futebol80.com.br/links/times/goias/goiasjg.htm,https://www.futebol80.com.br/links/times/goias/goiasjg.htm,,,Partida oficial recuperada na cronologia histórica do Futebol80; horário/estádio não informados na linha-fonte.,modern_audited_2000_2026,,,,,EMPTY
pe_3c437490575eb3ae,2000,2000-01-27,2000-01-27,date_only,,PLAYED,True,Copa Centro-Oeste,COPA_CENTRO_OESTE,Copa Centro-Oeste 2000,,,Goiás,Anapolina,Anapolina,True,False,5.0,0.0,5.0,0.0,5-0,WIN,,,,,OFFICIAL_COMPETITIVE,True,HIGH,HIGH,HIGH,HIGH,UNKNOWN,Futebol80,futebol80:2603,,https://www.futebol80.com.br/links/times/goias/goiasjg.htm,https://www.futebol80.com.br/links/times/goias/goiasjg.htm,,,Partida oficial recuperada na cronologia histórica do Futebol80; horário/estádio não informados na linha-fonte.,modern_audited_2000_2026,,,,,EMPTY
pe_17da78b36156f153,2000,2000-01-30,2000-01-30,date_only,,PLAYED,True,Copa Centro-Oeste,COPA_CENTRO_OESTE,Copa Centro-Oeste 2000,,,Goiás,Dom Pedro II,Dom Pedro II,True,False,4.0,0.0,4.0,0.0,4-0,WIN,,,,,OFFICIAL_COMPETITIVE,True,HIGH,HIGH,HIGH,HIGH,UNKNOWN,Futebol80,futebol80:2604,,https://www.futebol80.com.br/links/times/goias/goiasjg.htm,https://www.futebol80.com.br/links/times/goias/goiasjg.htm,,,Partida oficial recuperada na cronologia histórica do Futebol80; horário/estádio não informados na linha-fonte.,modern_audited_2000_2026,,,,,EMPTY
pe_d7b79428382fc018,2000,2000-02-03,2000-02-03,date_only,,PLAYED,True,Copa Centro-Oeste,COPA_CENTRO_OESTE,Copa Centro-Oeste 2000,,,Dom Pedro II,Goiás,Dom Pedro II,False,False,1.0,4.0,4.0,1.0,1-4,WIN,,,,,OFFICIAL_COMPETITIVE,True,HIGH,HIGH,HIGH,HIGH,UNKNOWN,Futebol80,futebol80:2605,,https://www.futebol80.com.br/links/times/goias/goiasjg.htm,https://www.futebol80.com.br/links/times/goias/goiasjg.htm,,,Partida oficial recuperada na cronologia histórica do Futebol80; horário/estádio não informados na linha-fonte.,modern_audited_2000_2026,,,,,EMPTY
pe_d356a95607ee865c,2000,2000-02-06,2000-02-06,date_only,,PLAYED,True,Copa Centro-Oeste,COPA_CENTRO_OESTE,Copa Centro-Oeste 2000,,,Anapolina,Goiás,Anapolina,False,False,1.0,2.0,2.0,1.0,1-2,WIN,,,,,OFFICIAL_COMPETITIVE,True,HIGH,HIGH,HIGH,HIGH,UNKNOWN,Futebol80,futebol80:2606,,https://www.futebol80.com.br/links/times/goias/goiasjg.htm,https://www.futebol80.com.br/links/times/goias/goiasjg.htm,,,Partida oficial recuperada na cronologia histórica do Futebol80; horário/estádio não informados na linha-fonte.,modern_audited_2000_2026,,,,,EMPTY
pe_b613d8739c07bda4,2000,2000-02-13,2000-02-13,date_only,,PLAYED,True,Copa Centro-Oeste,COPA_CENTRO_OESTE,Copa Centro-Oeste 2000,,,Goiás,Vila Nova,Vila Nova,,True,0.0,0.0,0.0,0.0,0-0,DRAW,,,,,OFFICIAL_COMPETITIVE,True,HIGH,HIGH,HIGH,HIGH,UNKNOWN,Futebol80,futebol80:2608,,https://www.futebol80.com.br/links/times/goias/goiasjg.htm,https://www.futebol80.com.br/links/times/goias/goiasjg.htm,,,Partida oficial recuperada na cronologia histórica do Futebol80; horário/estádio não informados na linha-fonte.,modern_audited_2000_2026,,,,,EMPTY
pe_3b2f151a35d8cc2c,2000,2000-02-20,2000-02-20,date_only,,PLAYED,True,Copa Centro-Oeste,COPA_CENTRO_OESTE,Copa Centro-Oeste 2000,,,Juventude-MT,Goiás,Juventude-MT,False,False,0.0,1.0,1.0,0.0,0-1,WIN,,,,,OFFICIAL_COMPETITIVE,True,HIGH,HIGH,HIGH,HIGH,UNKNOWN,Futebol80,futebol80:2611,,https://www.futebol80.com.br/links/times/goias/goiasjg.htm,https://www.futebol80.com.br/links/times/goias/goiasjg.htm,,,Partida oficial recuperada na cronologia histórica do Futebol80; horário/estádio não informados na linha-fonte.,modern_audited_2000_2026,,,,,EMPTY
pe_80bcc48e47a7f5ca,2000,2000-02-23,2000-02-23,date_only,,PLAYED,True,Copa Centro-Oeste,COPA_CENTRO_OESTE,Copa Centro-Oeste 2000,,,Goiás,Juventude-MT,Juventude-MT,True,False,2.0,1.0,2.0,1.0,2-1,WIN,,,,,OFFICIAL_COMPETITIVE,True,HIGH,HIGH,HIGH,HIGH,UNKNOWN,Futebol80,futebol80:2612,,https://www.futebol80.com.br/links/times/goias/goiasjg.htm,https://www.futebol80.com.br/links/times/goias/goiasjg.htm,,,Partida oficial recuperada na cronologia histórica do Futebol80; horário/estádio não informados na linha-fonte.,modern_audited_2000_2026,,,,,EMPTY
pe_c805544234478dda,2000,2000-02-26,2000-02-26,date_only,,PLAYED,True,Copa Centro-Oeste,COPA_CENTRO_OESTE,Copa Centro-Oeste 2000,,,Goiás,Vila Nova,Vila Nova,,True,3.0,1.0,3.0,1.0,3-1,WIN,,,,,OFFICIAL_COMPETITIVE,True,HIGH,HIGH,HIGH,HIGH,UNKNOWN,Futebol80,futebol80:2614,,https://www.futebol80.com.br/links/times/goias/goiasjg.htm,https://www.futebol80.com.br/links/times/goias/goiasjg.htm,,,Partida oficial recuperada na cronologia histórica do Futebol80; horário/estádio não informados na linha-fonte.,modern_audited_2000_2026,,,,,EMPTY
pe_dedd5fdf9e2e6216,2000,2000-03-01,2000-03-01,date_only,,PLAYED,True,Copa Centro-Oeste,COPA_CENTRO_OESTE,Copa Centro-Oeste 2000,,,Goiás,Vila Nova,Vila Nova,,True,5.0,1.0,5.0,1.0,5-1,WIN,,,,,OFFICIAL_COMPETITIVE,True,HIGH,HIGH,HIGH,HIGH,UNKNOWN,Futebol80,futebol80:2616,,https://www.futebol80.com.br/links/times/goias/goiasjg.htm,https://www.futebol80.com.br/links/times/goias/goiasjg.htm,,,Partida oficial recuperada na cronologia histórica do Futebol80; horário/estádio não informados na linha-fonte.,modern_audited_2000_2026,,,,,EMPTY
pe_f42cfd708afac06f,2001,2001-01-17,2001-01-17,date_only,,PLAYED,True,Copa Centro-Oeste,COPA_CENTRO_OESTE,Copa Centro-Oeste 2001,,,Comercial-MS,Goiás,Comercial-MS,False,False,0.0,1.0,1.0,0.0,0-1,WIN,,,,,OFFICIAL_COMPETITIVE,True,HIGH,HIGH,HIGH,HIGH,UNKNOWN,Futebol80,futebol80:2686,,https://www.futebol80.com.br/links/times/goias/goiasjg.htm,https://www.futebol80.com.br/links/times/goias/goiasjg.htm,,,Partida oficial recuperada na cronologia histórica do Futebol80; horário/estádio não informados na linha-fonte.,modern_audited_2000_2026,,,,,EMPTY
pe_f83df7e6b1a35cff,2001,2001-01-24,2001-01-24,date_only,,PLAYED,True,Copa Centro-Oeste,COPA_CENTRO_OESTE,Copa Centro-Oeste 2001,,,Goiás,Bandeirante-DF,Bandeirante-DF,True,False,4.0,0.0,4.0,0.0,4-0,WIN,,,,,OFFICIAL_COMPETITIVE,True,HIGH,HIGH,HIGH,HIGH,UNKNOWN,Futebol80,futebol80:2688,,https://www.futebol80.com.br/links/times/goias/goiasjg.htm,https://www.futebol80.com.br/links/times/goias/goiasjg.htm,,,Partida oficial recuperada na cronologia histórica do Futebol80; horário/estádio não informados na linha-fonte.,modern_audited_2000_2026,,,,,EMPTY
pe_b81f60f597935334,2001,2001-01-31,2001-01-31,date_only,,PLAYED,True,Copa Centro-Oeste,COPA_CENTRO_OESTE,Copa Centro-Oeste 2001,,,Serra-ES,Goiás,Serra-ES,False,False,2.0,4.0,4.0,2.0,2-4,WIN,,,,,OFFICIAL_COMPETITIVE,True,HIGH,HIGH,HIGH,HIGH,UNKNOWN,Futebol80,futebol80:2690,,https://www.futebol80.com.br/links/times/goias/goiasjg.htm,https://www.futebol80.com.br/links/times/goias/goiasjg.htm,,,Partida oficial recuperada na cronologia histórica do Futebol80; horário/estádio não informados na linha-fonte.,modern_audited_2000_2026,,,,,EMPTY
pe_bd460ea6262769c4,2001,2001-02-07,2001-02-07,date_only,,PLAYED,True,Copa Centro-Oeste,COPA_CENTRO_OESTE,Copa Centro-Oeste 2001,,,Goiás,Serra-ES,Serra-ES,True,False,6.0,3.0,6.0,3.0,6-3,WIN,,,,,OFFICIAL_COMPETITIVE,True,HIGH,HIGH,HIGH,HIGH,UNKNOWN,Futebol80,futebol80:2692,,https://www.futebol80.com.br/links/times/goias/goiasjg.htm,https://www.futebol80.com.br/links/times/goias/goiasjg.htm,,,Partida oficial recuperada na cronologia histórica do Futebol80; horário/estádio não informados na linha-fonte.,modern_audited_2000_2026,,,,,EMPTY
pe_6224a5b79f6a0254,2001,2001-02-15,2001-02-15,date_only,,PLAYED,True,Copa Centro-Oeste,COPA_CENTRO_OESTE,Copa Centro-Oeste 2001,,,Bandeirante-DF,Goiás,Bandeirante-DF,False,False,1.0,6.0,6.0,1.0,1-6,WIN,,,,,OFFICIAL_COMPETITIVE,True,HIGH,HIGH,HIGH,HIGH,UNKNOWN,Futebol80,futebol80:2694,,https://www.futebol80.com.br/links/times/goias/goiasjg.htm,https://www.futebol80.com.br/links/times/goias/goiasjg.htm,,,Partida oficial recuperada na cronologia histórica do Futebol80; horário/estádio não informados na linha-fonte.,modern_audited_2000_2026,,,,,EMPTY
pe_53356f57a2beccdf,2001,2001-02-21,2001-02-21,date_only,,PLAYED,True,Copa Centro-Oeste,COPA_CENTRO_OESTE,Copa Centro-Oeste 2001,,,Goiás,Comercial-MS,Comercial-MS,True,False,2.0,0.0,2.0,0.0,2-0,WIN,,,,,OFFICIAL_COMPETITIVE,True,HIGH,HIGH,HIGH,HIGH,UNKNOWN,Futebol80,futebol80:2696,,https://www.futebol80.com.br/links/times/goias/goiasjg.htm,https://www.futebol80.com.br/links/times/goias/goiasjg.htm,,,Partida oficial recuperada na cronologia histórica do Futebol80; horário/estádio não informados na linha-fonte.,modern_audited_2000_2026,,,,,EMPTY
pe_cc8baa2d3bea7efa,2001,2001-02-28,2001-02-28,date_only,,PLAYED,True,Copa Centro-Oeste,COPA_CENTRO_OESTE,Copa Centro-Oeste 2001,,,Gama,Goiás,Gama,False,False,2.0,0.0,0.0,2.0,2-0,LOSS,,,,,OFFICIAL_COMPETITIVE,True,HIGH,HIGH,HIGH,HIGH,UNKNOWN,Futebol80,futebol80:2698,,https://www.futebol80.com.br/links/times/goias/goiasjg.htm,https://www.futebol80.com.br/links/times/goias/goiasjg.htm,,,Partida oficial recuperada na cronologia histórica do Futebol80; horário/estádio não informados na linha-fonte.,modern_audited_2000_2026,,,,,EMPTY
pe_179af96fdf9f3b4b,2001,2001-03-07,2001-03-07,date_only,,PLAYED,True,Copa Centro-Oeste,COPA_CENTRO_OESTE,Copa Centro-Oeste 2001,,,Goiás,Gama,Gama,True,False,4.0,2.0,4.0,2.0,4-2,WIN,,,,,OFFICIAL_COMPETITIVE,True,HIGH,HIGH,HIGH,HIGH,UNKNOWN,Futebol80,futebol80:2700,,https://www.futebol80.com.br/links/times/goias/goiasjg.htm,https://www.futebol80.com.br/links/times/goias/goiasjg.htm,,,Partida oficial recuperada na cronologia histórica do Futebol80; horário/estádio não informados na linha-fonte.,modern_audited_2000_2026,,,,,EMPTY
pe_3be517070f62a643,2001,2001-03-17,2001-03-17,date_only,,PLAYED,True,Copa Centro-Oeste,COPA_CENTRO_OESTE,Copa Centro-Oeste 2001,,,Goiás,Vila Nova,Vila Nova,,True,1.0,0.0,1.0,0.0,1-0,WIN,,,,,OFFICIAL_COMPETITIVE,True,HIGH,HIGH,HIGH,HIGH,UNKNOWN,Futebol80,futebol80:2703,,https://www.futebol80.com.br/links/times/goias/goiasjg.htm,https://www.futebol80.com.br/links/times/goias/goiasjg.htm,,,Partida oficial recuperada na cronologia histórica do Futebol80; horário/estádio não informados na linha-fonte.,modern_audited_2000_2026,,,,,EMPTY
pe_9b8e2bcc27b0c818,2001,2001-03-25,2001-03-25,date_only,,PLAYED,True,Copa Centro-Oeste,COPA_CENTRO_OESTE,Copa Centro-Oeste 2001,,,Goiás,Vila Nova,Vila Nova,,True,1.0,1.0,1.0,1.0,1-1,DRAW,,,,,OFFICIAL_COMPETITIVE,True,HIGH,HIGH,HIGH,HIGH,UNKNOWN,Futebol80,futebol80:2705,,https://www.futebol80.com.br/links/times/goias/goiasjg.htm,https://www.futebol80.com.br/links/times/goias/goiasjg.htm,,,Partida oficial recuperada na cronologia histórica do Futebol80; horário/estádio não informados na linha-fonte.,modern_audited_2000_2026,,,,,EMPTY
pe_b16bb8b77c091399,2002,2002-01-19,2002-01-19,date_only,,PLAYED,True,Copa Centro-Oeste,COPA_CENTRO_OESTE,Copa Centro-Oeste 2002,,,Goiás,Comercial-MS,Comercial-MS,True,False,0.0,0.0,0.0,0.0,0-0,DRAW,,,,,OFFICIAL_COMPETITIVE,True,HIGH,HIGH,HIGH,HIGH,UNKNOWN,Futebol80,futebol80:2753,,https://www.futebol80.com.br/links/times/goias/goiasjg.htm,https://www.futebol80.com.br/links/times/goias/goiasjg.htm,,,Partida oficial recuperada na cronologia histórica do Futebol80; horário/estádio não informados na linha-fonte.,modern_audited_2000_2026,,,,,EMPTY
pe_c73ebe5d6b4334ab,2002,2002-01-26,2002-01-26,date_only,,PLAYED,True,Copa Centro-Oeste,COPA_CENTRO_OESTE,Copa Centro-Oeste 2002,,,Palmas,Goiás,Palmas,False,False,0.0,3.0,3.0,0.0,0-3,WIN,,,,,OFFICIAL_COMPETITIVE,True,HIGH,HIGH,HIGH,HIGH,UNKNOWN,Futebol80,futebol80:2754,,https://www.futebol80.com.br/links/times/goias/goiasjg.htm,https://www.futebol80.com.br/links/times/goias/goiasjg.htm,,,Partida oficial recuperada na cronologia histórica do Futebol80; horário/estádio não informados na linha-fonte.,modern_audited_2000_2026,,,,,EMPTY
pe_4ba3ea372ebacebd,2002,2002-02-02,2002-02-02,date_only,,PLAYED,True,Copa Centro-Oeste,COPA_CENTRO_OESTE,Copa Centro-Oeste 2002,,,Goiás,Gama,Gama,True,False,2.0,1.0,2.0,1.0,2-1,WIN,,,,,OFFICIAL_COMPETITIVE,True,HIGH,HIGH,HIGH,HIGH,UNKNOWN,Futebol80,futebol80:2755,,https://www.futebol80.com.br/links/times/goias/goiasjg.htm,https://www.futebol80.com.br/links/times/goias/goiasjg.htm,,,Partida oficial recuperada na cronologia histórica do Futebol80; horário/estádio não informados na linha-fonte.,modern_audited_2000_2026,,,,,EMPTY
pe_f464db95731d6728,2002,2002-02-09,2002-02-09,date_only,,PLAYED,True,Copa Centro-Oeste,COPA_CENTRO_OESTE,Copa Centro-Oeste 2002,,,Goiás,Vila Nova,Vila Nova,,True,3.0,2.0,3.0,2.0,3-2,WIN,,,,,OFFICIAL_COMPETITIVE,True,HIGH,HIGH,HIGH,HIGH,UNKNOWN,Futebol80,futebol80:2756,,https://www.futebol80.com.br/links/times/goias/goiasjg.htm,https://www.futebol80.com.br/links/times/goias/goiasjg.htm,,,Partida oficial recuperada na cronologia histórica do Futebol80; horário/estádio não informados na linha-fonte.,modern_audited_2000_2026,,,,,EMPTY
pe_af6b279a00ecb6e7,2002,2002-02-16,2002-02-16,date_only,,PLAYED,True,Copa Centro-Oeste,COPA_CENTRO_OESTE,Copa Centro-Oeste 2002,,,Goiás,Juventude-MT,Juventude-MT,True,False,1.0,0.0,1.0,0.0,1-0,WIN,,,,,OFFICIAL_COMPETITIVE,True,HIGH,HIGH,HIGH,HIGH,UNKNOWN,Futebol80,futebol80:2758,,https://www.futebol80.com.br/links/times/goias/goiasjg.htm,https://www.futebol80.com.br/links/times/goias/goiasjg.htm,,,Partida oficial recuperada na cronologia histórica do Futebol80; horário/estádio não informados na linha-fonte.,modern_audited_2000_2026,,,,,EMPTY
pe_33cde1130587d69d,2002,2002-02-23,2002-02-23,date_only,,PLAYED,True,Copa Centro-Oeste,COPA_CENTRO_OESTE,Copa Centro-Oeste 2002,,,Brasiliense,Goiás,Brasiliense,False,False,0.0,1.0,1.0,0.0,0-1,WIN,,,,,OFFICIAL_COMPETITIVE,True,HIGH,HIGH,HIGH,HIGH,UNKNOWN,Futebol80,futebol80:2760,,https://www.futebol80.com.br/links/times/goias/goiasjg.htm,https://www.futebol80.com.br/links/times/goias/goiasjg.htm,,,Partida oficial recuperada na cronologia histórica do Futebol80; horário/estádio não informados na linha-fonte.,modern_audited_2000_2026,,,,,EMPTY
pe_274788acdc7bacf8,2002,2002-03-02,2002-03-02,date_only,,PLAYED,True,Copa Centro-Oeste,COPA_CENTRO_OESTE,Copa Centro-Oeste 2002,,,Goiás,Serra-ES,Serra-ES,True,False,9.0,0.0,9.0,0.0,9-0,WIN,,,,,OFFICIAL_COMPETITIVE,True,HIGH,HIGH,HIGH,HIGH,UNKNOWN,Futebol80,futebol80:2761,,https://www.futebol80.com.br/links/times/goias/goiasjg.htm,https://www.futebol80.com.br/links/times/goias/goiasjg.htm,,,Partida oficial recuperada na cronologia histórica do Futebol80; horário/estádio não informados na linha-fonte.,modern_audited_2000_2026,,,,,EMPTY
pe_727f25bbb6276373,2002,2002-03-09,2002-03-09,date_only,,PLAYED,True,Copa Centro-Oeste,COPA_CENTRO_OESTE,Copa Centro-Oeste 2002,,,Serra-ES,Goiás,Serra-ES,False,False,2.0,3.0,3.0,2.0,2-3,WIN,,,,,OFFICIAL_COMPETITIVE,True,HIGH,HIGH,HIGH,HIGH,UNKNOWN,Futebol80,futebol80:2762,,https://www.futebol80.com.br/links/times/goias/goiasjg.htm,https://www.futebol80.com.br/links/times/goias/goiasjg.htm,,,Partida oficial recuperada na cronologia histórica do Futebol80; horário/estádio não informados na linha-fonte.,modern_audited_2000_2026,,,,,EMPTY
pe_f099f32ea0c6eba7,2002,2002-03-16,2002-03-16,date_only,,PLAYED,True,Copa Centro-Oeste,COPA_CENTRO_OESTE,Copa Centro-Oeste 2002,,,Goiás,Brasiliense,Brasiliense,True,False,1.0,3.0,1.0,3.0,1-3,LOSS,,,,,OFFICIAL_COMPETITIVE,True,HIGH,HIGH,HIGH,HIGH,UNKNOWN,Futebol80,futebol80:2763,,https://www.futebol80.com.br/links/times/goias/goiasjg.htm,https://www.futebol80.com.br/links/times/goias/goiasjg.htm,,,Partida oficial recuperada na cronologia histórica do Futebol80; horário/estádio não informados na linha-fonte.,modern_audited_2000_2026,,,,,EMPTY
pe_d34247aaa650926e,2002,2002-03-20,2002-03-20,date_only,,PLAYED,True,Copa Centro-Oeste,COPA_CENTRO_OESTE,Copa Centro-Oeste 2002,,,Juventude-MT,Goiás,Juventude-MT,False,False,0.0,3.0,3.0,0.0,0-3,WIN,,,,,OFFICIAL_COMPETITIVE,True,HIGH,HIGH,HIGH,HIGH,UNKNOWN,Futebol80,futebol80:2764,,https://www.futebol80.com.br/links/times/goias/goiasjg.htm,https://www.futebol80.com.br/links/times/goias/goiasjg.htm,,,Partida oficial recuperada na cronologia histórica do Futebol80; horário/estádio não informados na linha-fonte.,modern_audited_2000_2026,,,,,EMPTY
pe_36339adf851f8842,2002,2002-03-24,2002-03-24,date_only,,PLAYED,True,Copa Centro-Oeste,COPA_CENTRO_OESTE,Copa Centro-Oeste 2002,,,Goiás,Vila Nova,Vila Nova,,True,1.0,1.0,1.0,1.0,1-1,DRAW,,,,,OFFICIAL_COMPETITIVE,True,HIGH,HIGH,HIGH,HIGH,UNKNOWN,Futebol80,futebol80:2765,,https://www.futebol80.com.br/links/times/goias/goiasjg.htm,https://www.futebol80.com.br/links/times/goias/goiasjg.htm,,,Partida oficial recuperada na cronologia histórica do Futebol80; horário/estádio não informados na linha-fonte.,modern_audited_2000_2026,,,,,EMPTY
pe_86e6d907b31f89bb,2002,2002-03-31,2002-03-31,date_only,,PLAYED,True,Copa Centro-Oeste,COPA_CENTRO_OESTE,Copa Centro-Oeste 2002,,,Gama,Goiás,Gama,False,False,4.0,0.0,0.0,4.0,4-0,LOSS,,,,,OFFICIAL_COMPETITIVE,True,HIGH,HIGH,HIGH,HIGH,UNKNOWN,Futebol80,futebol80:2766,,https://www.futebol80.com.br/links/times/goias/goiasjg.htm,https://www.futebol80.com.br/links/times/goias/goiasjg.htm,,,Partida oficial recuperada na cronologia histórica do Futebol80; horário/estádio não informados na linha-fonte.,modern_audited_2000_2026,,,,,EMPTY
pe_5515c642e9d99a95,2002,2002-04-06,2002-04-06,date_only,,PLAYED,True,Copa Centro-Oeste,COPA_CENTRO_OESTE,Copa Centro-Oeste 2002,,,Goiás,Palmas,Palmas,True,False,2.0,1.0,2.0,1.0,2-1,WIN,,,,,OFFICIAL_COMPETITIVE,True,HIGH,HIGH,HIGH,HIGH,UNKNOWN,Futebol80,futebol80:2767,,https://www.futebol80.com.br/links/times/goias/goiasjg.htm,https://www.futebol80.com.br/links/times/goias/goiasjg.htm,,,Partida oficial recuperada na cronologia histórica do Futebol80; horário/estádio não informados na linha-fonte.,modern_audited_2000_2026,,,,,EMPTY
pe_5ca5a1447da22dd1,2002,2002-04-13,2002-04-13,date_only,,PLAYED,True,Copa Centro-Oeste,COPA_CENTRO_OESTE,Copa Centro-Oeste 2002,,,Comercial-MS,Goiás,Comercial-MS,False,False,2.0,3.0,3.0,2.0,2-3,WIN,,,,,OFFICIAL_COMPETITIVE,True,HIGH,HIGH,HIGH,HIGH,UNKNOWN,Futebol80,futebol80:2768,,https://www.futebol80.com.br/links/times/goias/goiasjg.htm,https://www.futebol80.com.br/links/times/goias/goiasjg.htm,,,Partida oficial recuperada na cronologia histórica do Futebol80; horário/estádio não informados na linha-fonte.,modern_audited_2000_2026,,,,,EMPTY
pe_8fe4206a68392b9c,2002,2002-04-21,2002-04-21,date_only,,PLAYED,True,Copa Centro-Oeste,COPA_CENTRO_OESTE,Copa Centro-Oeste 2002,,,Goiás,Vila Nova,Vila Nova,,True,0.0,1.0,0.0,1.0,0-1,LOSS,,,,,OFFICIAL_COMPETITIVE,True,HIGH,HIGH,HIGH,HIGH,UNKNOWN,Futebol80,futebol80:2769,,https://www.futebol80.com.br/links/times/goias/goiasjg.htm,https://www.futebol80.com.br/links/times/goias/goiasjg.htm,,,Partida oficial recuperada na cronologia histórica do Futebol80; horário/estádio não informados na linha-fonte.,modern_audited_2000_2026,,,,,EMPTY
pe_447af53670450a36,2002,2002-04-28,2002-04-28,date_only,,PLAYED,True,Copa Centro-Oeste,COPA_CENTRO_OESTE,Copa Centro-Oeste 2002,,,Goiás,Vila Nova,Vila Nova,,True,4.0,3.0,4.0,3.0,4-3,WIN,,,,,OFFICIAL_COMPETITIVE,True,HIGH,HIGH,HIGH,HIGH,UNKNOWN,Futebol80,futebol80:2770,,https://www.futebol80.com.br/links/times/goias/goiasjg.htm,https://www.futebol80.com.br/links/times/goias/goiasjg.htm,,,Partida oficial recuperada na cronologia histórica do Futebol80; horário/estádio não informados na linha-fonte.,modern_audited_2000_2026,,,,,EMPTY
pe_8f408ff26ed3c9c1,2002,2002-05-05,2002-05-05,date_only,,PLAYED,True,Copa Centro-Oeste,COPA_CENTRO_OESTE,Copa Centro-Oeste 2002,,,Gama,Goiás,Gama,False,False,3.0,2.0,2.0,3.0,3-2,LOSS,,,,,OFFICIAL_COMPETITIVE,True,HIGH,HIGH,HIGH,HIGH,UNKNOWN,Futebol80,futebol80:2771,,https://www.futebol80.com.br/links/times/goias/goiasjg.htm,https://www.futebol80.com.br/links/times/goias/goiasjg.htm,,,Partida oficial recuperada na cronologia histórica do Futebol80; horário/estádio não informados na linha-fonte.,modern_audited_2000_2026,,,,,EMPTY
pe_21f3e67d31e35865,2002,2002-05-11,2002-05-11,date_only,,PLAYED,True,Copa Centro-Oeste,COPA_CENTRO_OESTE,Copa Centro-Oeste 2002,,,Goiás,Gama,Gama,True,False,3.0,0.0,3.0,0.0,3-0,WIN,,,,,OFFICIAL_COMPETITIVE,True,HIGH,HIGH,HIGH,HIGH,UNKNOWN,Futebol80,futebol80:2772,,https://www.futebol80.com.br/links/times/goias/goiasjg.htm,https://www.futebol80.com.br/links/times/goias/goiasjg.htm,,,Partida oficial recuperada na cronologia histórica do Futebol80; horário/estádio não informados na linha-fonte.,modern_audited_2000_2026,,,,,EMPTY
